-- phpMyAdmin SQL Dump
-- version 5.0.4
-- https://www.phpmyadmin.net/
--
-- Servidor: 127.0.0.1
-- Tiempo de generación: 07-06-2021 a las 19:50:00
-- Versión del servidor: 10.4.17-MariaDB
-- Versión de PHP: 7.2.34

SET SQL_MODE = "NO_AUTO_VALUE_ON_ZERO";
START TRANSACTION;
SET time_zone = "+00:00";


/*!40101 SET @OLD_CHARACTER_SET_CLIENT=@@CHARACTER_SET_CLIENT */;
/*!40101 SET @OLD_CHARACTER_SET_RESULTS=@@CHARACTER_SET_RESULTS */;
/*!40101 SET @OLD_COLLATION_CONNECTION=@@COLLATION_CONNECTION */;
/*!40101 SET NAMES utf8mb4 */;

--
-- Base de datos: `incunate`
--

-- --------------------------------------------------------

--
-- Estructura de tabla para la tabla `administradores`
--

CREATE TABLE `administradores` (
  `Id` int(11) NOT NULL,
  `Nombre` varchar(75) NOT NULL,
  `Paterno` varchar(50) NOT NULL,
  `Materno` varchar(50) NOT NULL,
  `Pais` int(3) DEFAULT NULL,
  `Departamento` int(2) DEFAULT NULL,
  `Provincia` int(2) DEFAULT NULL,
  `Distrito` int(2) DEFAULT NULL,
  `Otra_Localidad` int(2) DEFAULT NULL,
  `Tipo` int(1) DEFAULT NULL,
  `Usuario` varchar(50) NOT NULL,
  `Password` varchar(255) NOT NULL,
  `Rol` varchar(50) NOT NULL,
  `Escuela_Profesional` int(2) DEFAULT NULL,
  `Codigo` char(15) DEFAULT NULL,
  `Dni` char(15) DEFAULT NULL,
  `Email` varchar(50) DEFAULT NULL,
  `Celular` char(15) DEFAULT NULL,
  `Direccion` varchar(100) DEFAULT NULL,
  `Sexo` int(1) DEFAULT NULL,
  `Fecha_Nac` date DEFAULT NULL,
  `Fecha_Inicio` date DEFAULT NULL,
  `Descripcion` varchar(200) DEFAULT NULL
) ENGINE=InnoDB DEFAULT CHARSET=latin1;

--
-- Volcado de datos para la tabla `administradores`
--

INSERT INTO `administradores` (`Id`, `Nombre`, `Paterno`, `Materno`, `Pais`, `Departamento`, `Provincia`, `Distrito`, `Otra_Localidad`, `Tipo`, `Usuario`, `Password`, `Rol`, `Escuela_Profesional`, `Codigo`, `Dni`, `Email`, `Celular`, `Direccion`, `Sexo`, `Fecha_Nac`, `Fecha_Inicio`, `Descripcion`) VALUES
(1, 'Juanito', 'Alcachofa', 'Rodriguez', NULL, NULL, NULL, NULL, NULL, NULL, 'admin', '$2y$10$.vGA1O9wmRjrwAVXD98HNOgsNpDczlqm3Jq7KnEd1rVAGv3Fykk1a', 'superadmin', NULL, '25486', '71452367', 'juanito@gmail.com', '985632412', 'Av. las Gardenias 1231', NULL, NULL, NULL, 'Administrador Inicial'),
(19, 'editor01', 'editor01', 'editor01', NULL, NULL, NULL, NULL, NULL, NULL, 'editor01', '$2y$10$TMhwzFaE7d0MRY1k7hoFvuyovfq2IufLMqVG18VHjLo48GMgA60va', 'editor', NULL, NULL, NULL, 'editor01@gmail.com', '111111111', 'Av. el sol 1624', NULL, NULL, NULL, 'Estudiante de Ingeniería de Sistemas'),
(21, 'admin02', 'admin02', 'admin02', NULL, NULL, NULL, NULL, NULL, NULL, 'admin02', '$2y$10$kG.vf7Rv15mRHTaU1d.Qoup3PnVcivlCvk0SB8cb8G/3lNF9VXWl2', 'superadmin', NULL, '111', '111', 'admin02@gmail.com', '111', 'admin02', NULL, NULL, NULL, 'admin02');

-- --------------------------------------------------------

--
-- Estructura de tabla para la tabla `comentarios`
--

CREATE TABLE `comentarios` (
  `Nombres` varchar(100) COLLATE latin1_general_ci NOT NULL,
  `Email` varchar(50) COLLATE latin1_general_ci NOT NULL,
  `Mensaje` text COLLATE latin1_general_ci NOT NULL
) ENGINE=InnoDB DEFAULT CHARSET=latin1 COLLATE=latin1_general_ci;

--
-- Volcado de datos para la tabla `comentarios`
--

INSERT INTO `comentarios` (`Nombres`, `Email`, `Mensaje`) VALUES
('Ernesto', 'benica171@gmail.com', 'asdasdasdasd'),
('Benito', 'benica171@gmail.com', 'Lorem ipsum '),
('fred', 'torresfrd@gmail.com', 'hola ayuda'),
('Juan', 'juan@gmail.com', 'asibausxbuasxsa'),
('Josesito', 'jose.pe', 'adasdasdasdasdasda'),
('Ernesto', 'benica171@gmail.com', 'asdasdasdasd'),
('Benito', 'benica171@gmail.com', 'Lorem ipsum '),
('fred', 'torresfrd@gmail.com', 'hola ayuda'),
('Juan', 'juan@gmail.com', 'asibausxbuasxsa'),
('Josesito', 'jose.pe', 'adasdasdasdasdasda'),
('asasa', 'asasasasa@gmail.com', 'aasas'),
('asasas', 'asasasasa@gmail.com', 'asasas'),
('asasasasasas', 'asasasasa@gmail.com', 'asasasas'),
('Juan Lopez Vera', 'john.jimenez12@gmail.com', 'Excelente'),
('asdasd', 'asdasd@gmail.com', 'asdasd'),
('asdasd', 'asdasd@gmail.com', 'asdasd'),
('asdasd', 'asdasd@gmail.com', 'asdasdad'),
('holaaaaa', 'hola@gmail.com', 'holaaaa'),
('asdasd', 'asdasda@gmail.com', 'asdasd');

-- --------------------------------------------------------

--
-- Estructura de tabla para la tabla `convocatorias`
--

CREATE TABLE `convocatorias` (
  `Id` int(11) NOT NULL,
  `Titulo` varchar(150) NOT NULL,
  `Descripcion` varchar(300) NOT NULL,
  `Fecha_ini` date NOT NULL,
  `Fecha_fin` date NOT NULL,
  `Participantes` int(2) NOT NULL
) ENGINE=InnoDB DEFAULT CHARSET=latin1;

--
-- Volcado de datos para la tabla `convocatorias`
--

INSERT INTO `convocatorias` (`Id`, `Titulo`, `Descripcion`, `Fecha_ini`, `Fecha_fin`, `Participantes`) VALUES
(1, 'Ideas de negocio Gastronómico', 'descripción v2', '2019-12-01', '2019-12-31', 5),
(2, 'Ideas de negocio de Internet', 'Los negocios en Internet son, seguramente, la mejor opción para quien quiere ser su propio jefe.', '2019-12-15', '2021-05-31', 1),
(3, 'E-commerce', 'Probando e-commerce actualizado', '2021-05-30', '2021-06-02', 0),
(5, 'Berkshyre Hathaway', 'Fondo de Inversión', '2021-06-03', '2021-06-04', 0),
(6, 'Convocatoria 5', 'Descripción Convocatoria 5 v3', '2021-06-05', '2021-06-12', 2);

-- --------------------------------------------------------

--
-- Estructura de tabla para la tabla `convocatoria_usuarios`
--

CREATE TABLE `convocatoria_usuarios` (
  `Id` int(11) NOT NULL,
  `IdConvocatoria` int(11) NOT NULL,
  `IdEstudiante` int(11) NOT NULL,
  `IdMentor` int(11) DEFAULT NULL
) ENGINE=InnoDB DEFAULT CHARSET=utf8mb4;

--
-- Volcado de datos para la tabla `convocatoria_usuarios`
--

INSERT INTO `convocatoria_usuarios` (`Id`, `IdConvocatoria`, `IdEstudiante`, `IdMentor`) VALUES
(3, 2, 3, NULL),
(4, 3, 3, NULL),
(5, 3, 3, NULL),
(6, 5, 39, NULL),
(7, 6, 39, NULL),
(8, 6, 45, NULL);

-- --------------------------------------------------------

--
-- Estructura de tabla para la tabla `escuela_profesional`
--

CREATE TABLE `escuela_profesional` (
  `Id` int(11) NOT NULL,
  `nombre` varchar(100) NOT NULL
) ENGINE=InnoDB DEFAULT CHARSET=latin1;

--
-- Volcado de datos para la tabla `escuela_profesional`
--

INSERT INTO `escuela_profesional` (`Id`, `nombre`) VALUES
(1, 'Escuela Profesional de Ciencias Biológicas'),
(2, 'Escuela Profesional de Nutrición Humana'),
(3, 'Escuela Profesional de Odontología'),
(4, 'Escuela Profesional de Enfermería'),
(5, 'Escuela Profesional de Medicina Humana'),
(6, 'Escuela Profesional de Medicina Veterinaria y Zootecnia'),
(7, 'Escuela Profesional de Ingeniería Agronómica'),
(8, 'Escuela Profesional de Ingeniería Agroindustrial'),
(9, 'Escuela Profesional de Ingeniería Topográfica y Agrimensura'),
(10, 'Escuela Profesional de Ingeniería Agrícola'),
(11, 'Escuela Profesional de Arquitectura y Urbanismo'),
(12, 'Escuela Profesional de Físico - Matemática'),
(13, 'Escuela Profesional de Ingeniería Civil'),
(14, 'Escuela Profesional de Ingeniería Económica'),
(15, 'Escuela Profesional de Ingeniería Estadística e Informática'),
(16, 'Escuela Profesional de Ingeniería Geológica'),
(17, 'Escuela Profesional de Ingeniería Metalúrgica'),
(18, 'Escuela Profesional de Ingeniería Electrónica'),
(19, 'Escuela Profesional de Ingeniería Mecánica Eléctrica'),
(20, 'Escuela Profesional de Ingeniería de Sistemas'),
(21, 'Escuela Profesional de Ingeniería de Minas'),
(22, 'Escuela Profesional de Ingeniería Química'),
(23, 'Escuela Profesional de Administración'),
(24, 'Escuela Profesional de Ciencias Contables'),
(25, 'Escuela Profesional de Física'),
(26, 'Escuela Profesional de Inicial'),
(27, 'Escuela Profesional de Primaria'),
(28, 'Escuela Profesional de Secundaria'),
(29, 'Escuela Profesional de Derecho'),
(30, 'Escuela Profesional de Antropología'),
(31, 'Escuela Profesional de Arte'),
(32, 'Escuela Profesional de Ciencias de la Comunicación Social'),
(33, 'Escuela Profesional de Sociología'),
(34, 'Escuela Profesional de Turismo'),
(35, 'Escuela Profesional de Trabajo Social');

-- --------------------------------------------------------

--
-- Estructura de tabla para la tabla `estudiantes`
--

CREATE TABLE `estudiantes` (
  `Id` int(11) NOT NULL,
  `Nombre` varchar(75) NOT NULL,
  `Paterno` varchar(50) NOT NULL,
  `Materno` varchar(50) NOT NULL,
  `Pais` int(3) DEFAULT NULL,
  `Departamento` int(2) DEFAULT NULL,
  `Provincia` int(2) DEFAULT NULL,
  `Distrito` int(2) DEFAULT NULL,
  `Otra_Localidad` int(2) DEFAULT NULL,
  `Tipo` int(1) DEFAULT NULL,
  `Usuario` varchar(50) NOT NULL,
  `Password` varchar(100) NOT NULL,
  `Escuela_Profesional` int(2) DEFAULT NULL,
  `Codigo` char(15) DEFAULT NULL,
  `Dni` char(15) DEFAULT NULL,
  `Email` varchar(50) DEFAULT NULL,
  `Celular` char(15) DEFAULT NULL,
  `Direccion` varchar(100) DEFAULT NULL,
  `Sexo` int(1) DEFAULT NULL,
  `Fecha_Nac` date DEFAULT NULL,
  `Fecha_Inicio` date DEFAULT NULL,
  `Descripcion` varchar(200) DEFAULT NULL,
  `PuntajeTest` int(11) NOT NULL DEFAULT 0
) ENGINE=InnoDB DEFAULT CHARSET=latin1;

--
-- Volcado de datos para la tabla `estudiantes`
--

INSERT INTO `estudiantes` (`Id`, `Nombre`, `Paterno`, `Materno`, `Pais`, `Departamento`, `Provincia`, `Distrito`, `Otra_Localidad`, `Tipo`, `Usuario`, `Password`, `Escuela_Profesional`, `Codigo`, `Dni`, `Email`, `Celular`, `Direccion`, `Sexo`, `Fecha_Nac`, `Fecha_Inicio`, `Descripcion`, `PuntajeTest`) VALUES
(1, 'Susan', 'Coari', 'Condo', 173, 21, 2101, 210101, NULL, NULL, 'susan', 'susan', 1, '145162', '70442907', 'susan@gmail.com', '935513456', 'CA. Lima N47', 1, '1995-03-19', '2019-12-30', NULL, 0),
(2, 'Wendoly', 'Ponce', 'Sanga', 173, 21, 2101, 210101, NULL, NULL, 'wendoly', 'wendoly', 2, '155162', '70202907', 'wendoly@gmail.com', '933313456', 'CA. Jorge Basadre N857', 1, '1995-04-09', '2019-12-30', NULL, 0),
(3, 'Ernesto', 'Chura', 'Flores', NULL, NULL, NULL, NULL, NULL, NULL, 'edmundo', 'edmundo', 3, '122162', '70205555', 'ernesto@gmail.com', '966513456', 'Jr. Valle los Olivos N453', 0, '1995-01-09', '2019-12-30', 'Estudiante de Ingeniería de Sistemas', 0),
(4, 'Abraham', 'Sucasaire', 'Coaquira', 173, 21, 2101, 210101, NULL, NULL, 'abraham', 'abraham', 4, '166162', '760265555', 'abraham@gmail.com', '988888456', 'Jr. Micaela Olivos N853', 0, '1995-11-09', '2019-12-30', NULL, 0),
(31, 'Patricio', 'Estrella', 'Lopez', NULL, NULL, NULL, NULL, NULL, NULL, 'patri32', '', NULL, '154825', '71508949', 'patricio32@gmail.com', '968563242', 'Av. las Gardenias 121', NULL, NULL, NULL, 'Estudiante de Ingeniería de Sistemas', 0),
(45, 'Elmer', 'Flores', 'Ortega', NULL, NULL, NULL, NULL, NULL, NULL, 'elmer', '$2y$10$RC6pqj8rX9Rr.zlxpCaE4OxBMAXDba93oNNjUYAKdNsk7s/JsHotG', NULL, '142563', '71245896', 'elmer_flo12@gmail.com', '959681457', 'Av. el sol 1624', NULL, NULL, NULL, 'Estudiante de Medicina Humana', 0),
(48, 'estudiante11', 'estudiante11', 'estudiante11', NULL, NULL, NULL, NULL, NULL, NULL, 'estudiante11', '$2y$10$NWAJqel94emal0iNwJiDqOQstu4qhG9l7yX6/Rh3mtG5rWNS56wqu', NULL, '111', '1111', 'estudiante11@gmail.com', '111', 'estudiante11', NULL, NULL, NULL, 'estudiante11', 0);

-- --------------------------------------------------------

--
-- Estructura de tabla para la tabla `eventos`
--

CREATE TABLE `eventos` (
  `Id` int(11) NOT NULL,
  `Titulo` varchar(100) NOT NULL,
  `Lugar` varchar(100) NOT NULL,
  `Descripcion` varchar(300) NOT NULL,
  `Fecha` date NOT NULL,
  `Portada` varchar(100) DEFAULT NULL
) ENGINE=InnoDB DEFAULT CHARSET=latin1;

--
-- Volcado de datos para la tabla `eventos`
--

INSERT INTO `eventos` (`Id`, `Titulo`, `Lugar`, `Descripcion`, `Fecha`, `Portada`) VALUES
(1, 'IV Congreso sobre Impacto Ambiental', 'Auditorio Magno', 'In aliquam, augue a gravida rutrum, ante nisl fermentum nulla, vitae tempor nisl ligula vel nunc. Proin quis mi malesuada, finibus tortor.', '2019-09-11', NULL),
(2, 'Maratón de Ideas', 'Auditorio de Economía', 'In aliquam, augue a gravida rutrum, ante nisl fermentum nulla, vitae tempor nisl ligula vel nunc. Proin quis mi malesuada, finibus tortor.', '2019-10-03', NULL),
(3, 'Charla Informativa de InnovaPerú', 'Auditorio de Educación', 'In aliquam, augue a gravida rutrum, ante nisl fermentum nulla, vitae tempor nisl ligula vel nunc. Proin quis mi malesuada, finibus tortor.', '2019-11-20', NULL),
(4, 'Simposio de Innovatec', 'Auditorio Magno', 'In aliquam, augue a gravida rutrum, ante nisl fermentum nulla, vitae tempor nisl ligula vel nunc. Proin quis mi malesuada, finibus tortor.', '2019-12-09', NULL),
(5, 'Global Summit 2021', 'Auditorio Magno', 'El primer evento de innovación tecnológica actualizado v2', '2021-06-24', NULL),
(6, 'INVERTE.PE', 'Auditorio Ingeniería de Sistemas', 'Descripción invierte.pe actualizado v4', '2021-06-24', NULL),
(15, 'Probando Evento 01', 'Auditorio Magno', 'El primer evento de innovación tecnológica', '2021-07-01', '15.png'),
(16, 'Innovación en BBVA', 'Auditorio Magno', 'El primer evento de innovación tecnológica', '2021-06-30', '16.jpg');

-- --------------------------------------------------------

--
-- Estructura de tabla para la tabla `foro`
--

CREATE TABLE `foro` (
  `Id` bigint(22) NOT NULL,
  `Pregunta` varchar(150) DEFAULT NULL,
  `Descripcion` text NOT NULL,
  `Fecha` date NOT NULL,
  `Usuario` varchar(150) NOT NULL,
  `Antecesor` bigint(22) DEFAULT NULL
) ENGINE=InnoDB DEFAULT CHARSET=utf8mb4;

--
-- Volcado de datos para la tabla `foro`
--

INSERT INTO `foro` (`Id`, `Pregunta`, `Descripcion`, `Fecha`, `Usuario`, `Antecesor`) VALUES
(1, 'Como importar de China?', 'Estoy interesado en las importaciones de equipos electrónicos, alguien podría darme algún consejo?', '2019-12-15', 'oswaldo', 0),
(2, 'Como crear mi propia empresa?', 'Ayuda por favor.', '2019-12-15', 'oswaldo', 0),
(3, 'Como obtener el ip de una computadora js?', 'He estado buscando en muchos foros pero no encuentro la respuesta.', '2019-12-15', 'oswaldo', 0),
(4, 'Donde puedo encontrar un Test de emprendedor?', 'Links', '2019-12-15', 'oswaldo', 0),
(5, 'Donde puedo conseguir lana de alpaca para mi negocio?', 'Direcciones al correo oswaldo@gmail.com', '2019-12-15', 'oswaldo', 0),
(6, 'Cuanto debo cobrar por mi trabajo?', 'Alguien que me pueda dar tips.', '2019-12-15', 'luna', 0),
(7, 'Alguien interesado en exportar quinua?', 'Estoy armando un equipo de exportadores de quinua a nivel mundial, si estas interesado comunícate conmigo.', '2019-12-15', 'benito', 0),
(8, 'Este es un comentario', 'Depende del tiempo que invertiste en ello.', '2019-12-15', 'edmundo', 6),
(9, 'Este es un comentario', 'Yo tengo uno de hace 2 meses, creo que te puede servir.', '2019-12-15', 'edmundo', 4),
(10, 'Este es un comentario', 'Estoy muy interesado en contribuir al avance de la ciencia y tecnología para poder dejar un cimiento robusto en distintos temas a futuro, para esto veo necesaria la colaboración con distintos investigadores, no solo de mi área, sino de muchas otras ya que es posible la aplicación de la tecnología en cualquier campo. El tema que más me interesa es la aplicación de la tecnología a la medicina ya sea para rehabilitación de personas, nuevas formas de interacción utilizando únicamente el cerebro, entre muchas otras referidas al tema. Actualmente, la tecnología abarca un gran campo de investigación y apoya a distintas ramas, eso me abre muchas posibilidades para seguir investigando y creando nuevas soluciones que se adapten al desarrollo constante del ser humano y su entorno.', '2019-12-15', 'benito', 6),
(11, 'Este es un comentario', 'Soy desarrolladora web y estuve haciendo un proyecto aproximadamente en 8 meses.', '2019-12-15', 'luna', 6),
(12, 'Este es un comentario', 'Gracias por sus comentarios.', '2019-12-15', 'luna', 6),
(13, 'Este es un comentario', 'Yo tengo una finca y te puedo cobrar barato.', '2019-12-15', 'lol', 5),
(14, 'Probando', 'asdasdasdasd', '2019-12-23', 'edmundo', 0),
(15, 'ppregunta 1', 'jhgffdhjkjkjkytrtewrfjjkkj', '2019-12-31', 'edmundo', 0),
(16, 'Este es un comentario', 'Hola probando', '2021-05-12', 'migala', 15),
(17, 'E-commerce Libros', 'Como puedo configurar shopify?', '2021-06-02', 'edmundo', 0),
(18, 'asasas', 'asas', '2021-06-05', 'asd', 0);

-- --------------------------------------------------------

--
-- Estructura de tabla para la tabla `ideas`
--

CREATE TABLE `ideas` (
  `Id` int(11) NOT NULL,
  `IdUsuario` int(11) NOT NULL,
  `Titulo` varchar(100) DEFAULT NULL,
  `Descripcion` varchar(250) DEFAULT NULL,
  `Estado` int(1) DEFAULT NULL,
  `Convocatoria` int(11) DEFAULT NULL,
  `PuntajeMacro` int(11) NOT NULL DEFAULT 0,
  `PuntajeMicro` int(11) NOT NULL DEFAULT 0,
  `CanvasFile` varchar(100) DEFAULT NULL,
  `IdMentor` int(11) NOT NULL,
  `Comentario` text DEFAULT NULL
) ENGINE=InnoDB DEFAULT CHARSET=latin1;

--
-- Volcado de datos para la tabla `ideas`
--

INSERT INTO `ideas` (`Id`, `IdUsuario`, `Titulo`, `Descripcion`, `Estado`, `Convocatoria`, `PuntajeMacro`, `PuntajeMicro`, `CanvasFile`, `IdMentor`, `Comentario`) VALUES
(1, 1, 'Restaurante de comida vegetariana (sin carne)', 'Restaurante de comida vegetariana (sin carne)', 0, 1, 0, 0, NULL, 0, NULL),
(2, 1, 'Restaurante de comidas dietéticas para diabéticos', 'Restaurante de comidas dietéticas para diabéticos', 0, 1, 0, 0, NULL, 0, NULL),
(3, 2, 'Gastronomía Árabe.', 'Restaurante de comida Árabe', 0, 1, 0, 0, NULL, 0, NULL),
(4, 2, 'Gastronomía Mexicana.', 'Restaurante de comidas Mexicana', 0, 1, 0, 0, NULL, 0, NULL),
(5, 3, 'E-books', 'La creación de e-books es una excelente opción para quien quiere crear un negocio digital rentable de manera fácil y rápida.', 2, 2, 31, 46, '5.pdf', 17, NULL),
(6, 3, 'Cursos online', 'Los cursos online son cada vez más buscados alrededor de todo el mundo.', 0, 2, 25, 0, NULL, 0, NULL),
(7, 4, 'Afiliación', 'La afiliación es una de las ideas de negocios más interesantes para quien quiere trabajar con Internet sin tener una mercancía.', 0, 2, 0, 0, NULL, 0, NULL),
(8, 4, 'Congresos online', 'Otro formato de producto digital que las personas están buscando mucho son los congresos online. ', 0, 2, 0, 0, NULL, 0, NULL),
(9, 3, 'Investment', 'asasasasasas', 0, 2, 27, 42, NULL, 0, NULL),
(10, 3, 'probando', 'probando', 0, 2, 33, 46, NULL, 0, NULL),
(11, 3, 'Inversión en Criptomonedas', 'ayayaa', 0, 2, 31, 44, NULL, 0, NULL),
(13, 3, 'Idea Convocatoria 3', 'Probando el registro de la idea', 0, 3, 21, 28, NULL, 0, NULL),
(14, 3, 'E-commerce Libros', 'Libros disponibles mediante una plataforma web.', 2, 3, 21, 38, '14.pdf', 17, NULL),
(15, 3, 'E-commerce Veterinaria', 'Venta de productos de cuidado animal.', 0, 3, 19, 32, NULL, 0, NULL),
(16, 39, 'Inversión S&P500', 'Inversión', 0, 6, 23, 32, NULL, 0, NULL),
(17, 39, 'Idea 2', 'Descripción de la idea 2', 1, 6, 23, 36, '17.pdf', 19, NULL),
(18, 39, 'Idea 3 Convocatoria 6', 'Descripción Idea 3 Convocatoria 6', 0, 6, 25, 32, NULL, 0, NULL),
(19, 39, 'Idea 4 Convocatoria 6', 'Descripción Idea 4 Convocatoria 6', 0, 6, 23, 0, NULL, 0, NULL),
(20, 39, 'Idea 5 Convocatoria 6', 'Descripción Idea 5 Convocatoria 6', 0, 6, 27, 36, NULL, 0, NULL),
(21, 45, 'E-commerce Libros de Autoayuda', 'La venta de libros de autoayuda con un fin social.', 0, 6, 21, 32, NULL, 0, NULL),
(22, 45, 'Venta de medicinas  por la web', 'La venta de medicinas es muy importante estos días.', 2, 6, 25, 38, '22.pdf', 26, NULL),
(23, 45, 'E-commerce Laptops', 'Tener una laptop en estos tiempos de pandemia es necesario.', 0, 6, 21, 0, NULL, 0, NULL),
(24, 45, 'Crowfounding Inmobiliario', 'De poquito en poquito se llena el saquito.', 0, 6, 23, 36, NULL, 0, NULL),
(25, 45, 'Plataforma de Inversión', 'Una plataforma para invertir en la bolsa de valores.', 0, 6, 23, 36, NULL, 0, NULL);

-- --------------------------------------------------------

--
-- Estructura de tabla para la tabla `log`
--

CREATE TABLE `log` (
  `Id` bigint(20) NOT NULL,
  `Usuario` varchar(100) NOT NULL,
  `Actividad` varchar(100) DEFAULT NULL,
  `Controlador` varchar(100) DEFAULT NULL,
  `Timestamp` datetime NOT NULL,
  `Ipaddress` varchar(50) DEFAULT NULL,
  `Navegador` varchar(20) DEFAULT NULL,
  `Plataforma` varchar(20) DEFAULT NULL,
  `AgentString` varchar(120) DEFAULT NULL
) ENGINE=InnoDB DEFAULT CHARSET=utf8mb4;

--
-- Volcado de datos para la tabla `log`
--

INSERT INTO `log` (`Id`, `Usuario`, `Actividad`, `Controlador`, `Timestamp`, `Ipaddress`, `Navegador`, `Plataforma`, `AgentString`) VALUES
(1, 'wendoly', 'Logout', 'EmpLogout', '2019-12-12 16:45:47', '::1', 'Chrome', 'Windows 10', 'Mozilla/5.0 (Windows NT 10.0; Win64; x64) AppleWebKit/537.36 (KHTML, like Gecko) Chrome/79.0.3945.79 Safari/537.36'),
(2, 'wendoly', 'Login', 'EmpLoginValidation', '2019-12-12 16:45:49', '::1', 'Chrome', 'Windows 10', 'Mozilla/5.0 (Windows NT 10.0; Win64; x64) AppleWebKit/537.36 (KHTML, like Gecko) Chrome/79.0.3945.79 Safari/537.36'),
(3, 'wendoly', 'Logout', 'EmpLogout', '2019-12-12 16:52:38', '::1', 'Chrome', 'Windows 10', 'Mozilla/5.0 (Windows NT 10.0; Win64; x64) AppleWebKit/537.36 (KHTML, like Gecko) Chrome/79.0.3945.79 Safari/537.36'),
(4, 'wendoly', 'Login', 'EmpLoginValidation', '2019-12-12 17:15:55', '::1', 'Chrome', 'Windows 10', 'Mozilla/5.0 (Windows NT 10.0; Win64; x64) AppleWebKit/537.36 (KHTML, like Gecko) Chrome/79.0.3945.79 Safari/537.36'),
(5, 'wendoly', 'Logout', 'EmpLogout', '2019-12-12 17:16:20', '::1', 'Chrome', 'Windows 10', 'Mozilla/5.0 (Windows NT 10.0; Win64; x64) AppleWebKit/537.36 (KHTML, like Gecko) Chrome/79.0.3945.79 Safari/537.36'),
(6, 'wendoly', 'Login', 'EmpLoginValidation', '2019-12-12 17:30:38', '::1', 'Chrome', 'Windows 10', 'Mozilla/5.0 (Windows NT 10.0; Win64; x64) AppleWebKit/537.36 (KHTML, like Gecko) Chrome/79.0.3945.79 Safari/537.36'),
(7, 'wendoly', 'Logout', 'EmpLogout', '2019-12-12 17:30:42', '::1', 'Chrome', 'Windows 10', 'Mozilla/5.0 (Windows NT 10.0; Win64; x64) AppleWebKit/537.36 (KHTML, like Gecko) Chrome/79.0.3945.79 Safari/537.36'),
(8, 'wendoly', 'Login', 'EmpLoginValidation', '2019-12-12 17:44:31', '::1', 'Chrome', 'Windows 10', 'Mozilla/5.0 (Windows NT 10.0; Win64; x64) AppleWebKit/537.36 (KHTML, like Gecko) Chrome/79.0.3945.79 Safari/537.36'),
(9, 'wendoly', 'Logout', 'EmpLogout', '2019-12-12 17:44:58', '::1', 'Chrome', 'Windows 10', 'Mozilla/5.0 (Windows NT 10.0; Win64; x64) AppleWebKit/537.36 (KHTML, like Gecko) Chrome/79.0.3945.79 Safari/537.36'),
(10, 'admin', 'Logout', 'EmpLogout', '2019-12-12 17:45:17', '::1', 'Chrome', 'Windows 10', 'Mozilla/5.0 (Windows NT 10.0; Win64; x64) AppleWebKit/537.36 (KHTML, like Gecko) Chrome/79.0.3945.79 Safari/537.36'),
(11, 'admin', 'Logout', 'EmpLogout', '2019-12-12 17:47:07', '::1', 'Chrome', 'Windows 10', 'Mozilla/5.0 (Windows NT 10.0; Win64; x64) AppleWebKit/537.36 (KHTML, like Gecko) Chrome/79.0.3945.79 Safari/537.36'),
(12, 'wendoly', 'Login', 'EmpLoginValidation', '2019-12-12 17:47:09', '::1', 'Chrome', 'Windows 10', 'Mozilla/5.0 (Windows NT 10.0; Win64; x64) AppleWebKit/537.36 (KHTML, like Gecko) Chrome/79.0.3945.79 Safari/537.36'),
(13, 'wendoly', 'Logout', 'EmpLogout', '2019-12-12 17:55:52', '::1', 'Chrome', 'Windows 10', 'Mozilla/5.0 (Windows NT 10.0; Win64; x64) AppleWebKit/537.36 (KHTML, like Gecko) Chrome/79.0.3945.79 Safari/537.36'),
(14, 'admin', 'Logout', 'EmpLogout', '2019-12-12 17:56:28', '::1', 'Chrome', 'Windows 10', 'Mozilla/5.0 (Windows NT 10.0; Win64; x64) AppleWebKit/537.36 (KHTML, like Gecko) Chrome/79.0.3945.79 Safari/537.36'),
(15, 'admin', 'Login', 'LoginValidation', '2019-12-12 17:59:10', '::1', 'Chrome', 'Windows 10', 'Mozilla/5.0 (Windows NT 10.0; Win64; x64) AppleWebKit/537.36 (KHTML, like Gecko) Chrome/79.0.3945.79 Safari/537.36'),
(16, 'admin', 'Logout', 'EmpLogout', '2019-12-12 18:00:18', '::1', 'Chrome', 'Windows 10', 'Mozilla/5.0 (Windows NT 10.0; Win64; x64) AppleWebKit/537.36 (KHTML, like Gecko) Chrome/79.0.3945.79 Safari/537.36'),
(17, 'wendoly', 'Login', 'EmpLoginValidation', '2019-12-12 18:00:20', '::1', 'Chrome', 'Windows 10', 'Mozilla/5.0 (Windows NT 10.0; Win64; x64) AppleWebKit/537.36 (KHTML, like Gecko) Chrome/79.0.3945.79 Safari/537.36'),
(18, 'wendoly', 'Logout', 'EmpLogout', '2019-12-12 18:00:28', '::1', 'Chrome', 'Windows 10', 'Mozilla/5.0 (Windows NT 10.0; Win64; x64) AppleWebKit/537.36 (KHTML, like Gecko) Chrome/79.0.3945.79 Safari/537.36'),
(19, 'admin', 'Login', 'LoginValidation', '2019-12-12 18:00:35', '::1', 'Chrome', 'Windows 10', 'Mozilla/5.0 (Windows NT 10.0; Win64; x64) AppleWebKit/537.36 (KHTML, like Gecko) Chrome/79.0.3945.79 Safari/537.36'),
(20, 'admin', 'Logout', 'EmpLogout', '2019-12-12 18:04:24', '::1', 'Chrome', 'Windows 10', 'Mozilla/5.0 (Windows NT 10.0; Win64; x64) AppleWebKit/537.36 (KHTML, like Gecko) Chrome/79.0.3945.79 Safari/537.36'),
(21, 'admin', 'Login', 'LoginValidation', '2019-12-12 18:04:28', '::1', 'Chrome', 'Windows 10', 'Mozilla/5.0 (Windows NT 10.0; Win64; x64) AppleWebKit/537.36 (KHTML, like Gecko) Chrome/79.0.3945.79 Safari/537.36'),
(76, 'edmundo', 'Registro pregunta', 'registra_pregunta', '2019-12-23 00:00:19', 'Ipaddress', NULL, NULL, NULL),
(77, 'edmundo', 'Registro socio clave', 'registrar_socio_clave', '2019-12-23 00:32:26', 'Ipaddress', NULL, NULL, NULL),
(78, 'edmundo', 'Registro socio clave', 'registrar_socio_clave', '2019-12-23 00:32:26', 'Ipaddress', NULL, NULL, NULL),
(79, 'benito', 'Login', 'LoginValidation', '2019-12-23 00:47:12', 'Ipaddress', NULL, NULL, NULL),
(80, 'benito', 'Registro socio clave', 'registrar_socio_clave', '2019-12-23 00:55:58', 'Ipaddress', NULL, NULL, NULL),
(81, 'benito', 'Registro socio clave', 'registrar_socio_clave', '2019-12-23 01:01:23', 'Ipaddress', NULL, NULL, NULL),
(82, 'edmundo', 'Registro socio clave', 'registrar_socio_clave', '2019-12-23 01:02:29', 'Ipaddress', NULL, NULL, NULL),
(83, 'edmundo', 'Registro socio clave', 'registrar_socio_clave', '2019-12-23 01:29:51', 'Ipaddress', NULL, NULL, NULL),
(84, 'edmundo', 'Registro socio clave', 'registrar_socio_clave', '2019-12-23 01:39:42', 'Ipaddress', NULL, NULL, NULL),
(85, 'edmundo', 'Registro socio clave', 'registrar_socio_clave', '2019-12-23 01:40:40', 'Ipaddress', NULL, NULL, NULL),
(86, 'edmundo', 'Registro socio clave', 'registrar_socio_clave', '2019-12-23 01:42:21', 'Ipaddress', NULL, NULL, NULL),
(87, 'edmundo', 'Registro socio clave', 'registrar_socio_clave', '2019-12-23 01:51:57', 'Ipaddress', NULL, NULL, NULL),
(88, 'edmundo', 'Registro socio clave', 'registrar_socio_clave', '2019-12-23 01:52:08', 'Ipaddress', NULL, NULL, NULL),
(89, 'edmundo', 'Registro socio clave', 'registrar_socio_clave', '2019-12-23 01:52:15', 'Ipaddress', NULL, NULL, NULL),
(90, 'edmundo', 'Registro socio clave', 'registrar_socio_clave', '2019-12-23 01:52:26', 'Ipaddress', NULL, NULL, NULL),
(91, 'edmundo', 'Registro socio clave', 'registrar_socio_clave', '2019-12-23 01:52:37', 'Ipaddress', NULL, NULL, NULL),
(92, 'edmundo', 'Login', 'LoginValidation', '2019-12-27 11:20:50', 'Ipaddress', NULL, NULL, NULL),
(93, 'edmundo', 'Elimino canvas', 'recibe_id_dashboard', '2019-12-27 11:21:02', 'Ipaddress', NULL, NULL, NULL),
(94, 'edmundo', 'Logout', 'Logout', '2019-12-27 11:21:21', 'Ipaddress', NULL, NULL, NULL),
(95, 'admin', 'Login', 'LoginValidation', '2019-12-27 11:21:41', 'Ipaddress', NULL, NULL, NULL),
(96, 'admin', 'Logout', 'Logout', '2019-12-27 11:21:57', 'Ipaddress', NULL, NULL, NULL),
(97, 'edmundo', 'Login', 'LoginValidation', '2019-12-28 13:03:14', 'Ipaddress', NULL, NULL, NULL),
(98, 'edmundo', 'Login', 'LoginValidation', '2019-12-28 22:12:45', 'Ipaddress', NULL, NULL, NULL),
(99, 'edmundo', 'Registro socio clave', 'registrar_socio_clave', '2019-12-28 22:13:03', 'Ipaddress', NULL, NULL, NULL),
(100, 'edmundo', 'Login', 'LoginValidation', '2019-12-29 11:49:29', 'Ipaddress', NULL, NULL, NULL),
(101, 'edmundo', 'Logout', 'Logout', '2019-12-29 12:23:29', 'Ipaddress', NULL, NULL, NULL),
(102, 'edmundo', 'Login', 'LoginValidation', '2019-12-29 12:23:38', 'Ipaddress', NULL, NULL, NULL),
(103, 'edmundo', 'Registro socio clave', 'registrar_socio_clave', '2019-12-29 12:27:09', 'Ipaddress', NULL, NULL, NULL),
(104, 'admin', 'Login', 'LoginValidation', '2019-12-30 10:52:17', 'Ipaddress', NULL, NULL, NULL),
(105, 'admin', 'Logout', 'Logout', '2019-12-30 11:16:25', 'Ipaddress', NULL, NULL, NULL),
(106, 'edmundo', 'Login', 'LoginValidation', '2019-12-30 11:18:16', 'Ipaddress', NULL, NULL, NULL),
(107, 'edmundo', 'Logout', 'Logout', '2019-12-30 11:27:08', 'Ipaddress', NULL, NULL, NULL),
(108, 'edmundo', 'Login', 'LoginValidation', '2019-12-30 11:43:54', 'Ipaddress', NULL, NULL, NULL),
(109, 'edmundo', 'Logout', 'Logout', '2019-12-30 11:47:08', 'Ipaddress', NULL, NULL, NULL),
(110, 'admin', 'Login', 'LoginValidation', '2019-12-30 12:09:53', 'Ipaddress', NULL, NULL, NULL),
(111, 'admin', 'Logout', 'Logout', '2019-12-30 12:13:55', 'Ipaddress', NULL, NULL, NULL),
(112, 'admin', 'Login', 'LoginValidation', '2019-12-30 13:11:24', 'Ipaddress', NULL, NULL, NULL),
(113, 'migala', 'Logout', 'Logout', '2019-12-30 19:37:03', 'Ipaddress', NULL, NULL, NULL),
(114, 'admin', 'Login', 'LoginValidation', '2019-12-30 23:06:32', 'Ipaddress', NULL, NULL, NULL),
(115, 'admin', 'Logout', 'Logout', '2019-12-30 23:24:20', 'Ipaddress', NULL, NULL, NULL),
(116, 'admin', 'Login', 'LoginValidation', '2019-12-31 00:16:49', 'Ipaddress', NULL, NULL, NULL),
(117, 'admin', 'Logout', 'Logout', '2019-12-31 01:56:22', 'Ipaddress', NULL, NULL, NULL),
(118, 'edmundo', 'Login', 'LoginValidation', '2019-12-31 01:56:40', 'Ipaddress', NULL, NULL, NULL),
(119, 'edmundo', 'Registro pregunta', 'registra_pregunta', '2019-12-31 01:57:17', 'Ipaddress', NULL, NULL, NULL),
(120, 'edmundo', 'Login', 'LoginValidation', '2019-12-31 01:57:38', 'Ipaddress', NULL, NULL, NULL),
(121, 'edmundo', 'Registro socio clave', 'registrar_socio_clave', '2019-12-31 02:03:23', 'Ipaddress', NULL, NULL, NULL),
(122, 'migala', 'Registro socio clave', 'registrar_socio_clave', '2019-12-31 02:41:54', 'Ipaddress', NULL, NULL, NULL),
(123, 'migala', 'Logout', 'Logout', '2019-12-31 09:31:04', 'Ipaddress', NULL, NULL, NULL),
(124, 'admin', 'Login', 'LoginValidation', '2019-12-31 10:00:31', 'Ipaddress', NULL, NULL, NULL),
(125, 'admin', 'Login', 'LoginValidation', '2019-12-31 10:12:08', 'Ipaddress', NULL, NULL, NULL),
(126, 'admin', 'Logout', 'Logout', '2019-12-31 10:33:22', 'Ipaddress', NULL, NULL, NULL),
(127, 'edmundo', 'Login', 'LoginValidation', '2019-12-31 10:41:38', 'Ipaddress', NULL, NULL, NULL),
(128, 'edmundo', 'Logout', 'Logout', '2019-12-31 11:08:22', 'Ipaddress', NULL, NULL, NULL),
(129, 'edmundo', 'Login', 'LoginValidation', '2019-12-31 11:08:27', 'Ipaddress', NULL, NULL, NULL),
(130, 'edmundo', 'Logout', 'Logout', '2019-12-31 11:12:50', 'Ipaddress', NULL, NULL, NULL),
(131, 'edmundo', 'Login', 'LoginValidation', '2019-12-31 11:12:56', 'Ipaddress', NULL, NULL, NULL),
(132, 'edmundo', 'Login', 'LoginValidation', '2019-12-31 11:20:16', 'Ipaddress', NULL, NULL, NULL),
(133, 'edmundo', 'Login', 'LoginValidation', '2019-12-31 12:13:33', 'Ipaddress', NULL, NULL, NULL),
(134, 'edmundo', 'Logout', 'Logout', '2019-12-31 12:14:08', 'Ipaddress', NULL, NULL, NULL),
(135, 'edmundo', 'Login', 'LoginValidation', '2019-12-31 12:15:12', 'Ipaddress', NULL, NULL, NULL),
(136, 'edmundo', 'Login', 'LoginValidation', '2021-04-20 23:26:23', 'Ipaddress', NULL, NULL, NULL),
(137, 'edmundo', 'Login', 'LoginValidation', '2021-04-21 00:20:18', 'Ipaddress', NULL, NULL, NULL),
(138, 'edmundo', 'Login', 'LoginValidation', '2021-04-24 20:50:18', 'Ipaddress', NULL, NULL, NULL),
(139, 'edmundo', 'Logout', 'Logout', '2021-04-24 20:50:28', 'Ipaddress', NULL, NULL, NULL),
(140, 'abraham', 'Login', 'LoginValidation', '2021-04-24 20:52:08', 'Ipaddress', NULL, NULL, NULL),
(141, 'abraham', 'Logout', 'Logout', '2021-04-24 20:52:26', 'Ipaddress', NULL, NULL, NULL),
(142, 'edmundo', 'Login', 'LoginValidation', '2021-04-24 20:52:30', 'Ipaddress', NULL, NULL, NULL),
(143, 'edmundo', 'Update Perfil', 'PerfilUpdate', '2021-04-24 21:09:30', 'Ipaddress', NULL, NULL, NULL),
(144, 'edmundo', 'Logout', 'Logout', '2021-04-24 21:35:12', 'Ipaddress', NULL, NULL, NULL),
(145, 'edmundo', 'Login', 'LoginValidation', '2021-04-24 21:35:18', 'Ipaddress', NULL, NULL, NULL),
(146, 'edmundo', 'Inserto Idea', 'IdeaInsert', '2021-04-24 21:53:44', 'Ipaddress', NULL, NULL, NULL),
(147, 'edmundo', 'Login', 'LoginValidation', '2021-05-05 16:23:27', 'Ipaddress', NULL, NULL, NULL),
(148, 'gaby', 'Login', 'LoginValidation', '2021-05-05 18:33:29', 'Ipaddress', NULL, NULL, NULL),
(149, 'edmundo', 'Login', 'LoginValidation', '2021-05-05 18:36:31', 'Ipaddress', NULL, NULL, NULL),
(150, 'edmundo', 'Logout', 'Logout', '2021-05-05 18:47:03', 'Ipaddress', NULL, NULL, NULL),
(151, 'edmundo', 'Login', 'LoginValidation', '2021-05-05 18:47:29', 'Ipaddress', NULL, NULL, NULL),
(152, 'edmundo', 'Logout', 'Logout', '2021-05-05 19:28:32', 'Ipaddress', NULL, NULL, NULL),
(153, 'edmundo', 'Login', 'LoginValidation', '2021-05-05 19:32:45', 'Ipaddress', NULL, NULL, NULL),
(154, 'edmundo', 'Logout', 'Logout', '2021-05-05 19:32:50', 'Ipaddress', NULL, NULL, NULL),
(155, 'edmundo', 'Login', 'LoginValidation', '2021-05-05 19:39:29', 'Ipaddress', NULL, NULL, NULL),
(156, 'edmundo', 'Logout', 'Logout', '2021-05-05 19:39:37', 'Ipaddress', NULL, NULL, NULL),
(157, 'edmundo', 'Login', 'LoginValidation', '2021-05-05 19:41:04', 'Ipaddress', NULL, NULL, NULL),
(158, 'edmundo', 'Logout', 'Logout', '2021-05-05 19:41:08', 'Ipaddress', NULL, NULL, NULL),
(159, 'edmundo', 'Login', 'LoginValidation', '2021-05-05 19:44:14', 'Ipaddress', NULL, NULL, NULL),
(160, 'edmundo', 'Logout', 'Logout', '2021-05-05 19:50:24', 'Ipaddress', NULL, NULL, NULL),
(161, 'edmundo', 'Login', 'LoginValidation', '2021-05-05 19:50:36', 'Ipaddress', NULL, NULL, NULL),
(162, 'edmundo', 'Login', 'LoginValidation', '2021-05-05 23:48:37', 'Ipaddress', NULL, NULL, NULL),
(163, 'edmundo', 'Logout', 'Logout', '2021-05-05 23:48:45', 'Ipaddress', NULL, NULL, NULL),
(164, 'edmundo', 'Login', 'LoginValidation', '2021-05-05 23:48:57', 'Ipaddress', NULL, NULL, NULL),
(165, 'edmundo', 'Logout', 'Logout', '2021-05-05 23:49:16', 'Ipaddress', NULL, NULL, NULL),
(166, 'edmundo', 'Login', 'LoginValidation', '2021-05-06 16:09:24', 'Ipaddress', NULL, NULL, NULL),
(167, 'edmundo', 'Inserto Idea', 'IdeaInsert', '2021-05-06 18:38:22', 'Ipaddress', NULL, NULL, NULL),
(168, 'edmundo', 'Login', 'LoginValidation', '2021-05-06 22:26:54', 'Ipaddress', NULL, NULL, NULL),
(169, 'edmundo', 'Logout', 'Logout', '2021-05-06 23:37:12', 'Ipaddress', NULL, NULL, NULL),
(170, 'edmundo', 'Login', 'LoginValidation', '2021-05-06 23:37:17', 'Ipaddress', NULL, NULL, NULL),
(171, 'edmundo', 'Logout', 'Logout', '2021-05-06 23:41:25', 'Ipaddress', NULL, NULL, NULL),
(172, 'edmundo', 'Login', 'LoginValidation', '2021-05-06 23:41:34', 'Ipaddress', NULL, NULL, NULL),
(173, 'edmundo', 'Logout', 'Logout', '2021-05-06 23:42:08', 'Ipaddress', NULL, NULL, NULL),
(174, 'edmundo', 'Login', 'LoginValidation', '2021-05-06 23:42:12', 'Ipaddress', NULL, NULL, NULL),
(175, 'edmundo', 'Logout', 'Logout', '2021-05-06 23:46:21', 'Ipaddress', NULL, NULL, NULL),
(176, 'edmundo', 'Login', 'LoginValidation', '2021-05-06 23:46:25', 'Ipaddress', NULL, NULL, NULL),
(177, 'edmundo', 'Logout', 'Logout', '2021-05-07 00:08:25', 'Ipaddress', NULL, NULL, NULL),
(178, 'edmundo', 'Login', 'LoginValidation', '2021-05-07 00:08:30', 'Ipaddress', NULL, NULL, NULL),
(179, 'edmundo', 'Logout', 'Logout', '2021-05-07 00:10:10', 'Ipaddress', NULL, NULL, NULL),
(180, 'edmundo', 'Login', 'LoginValidation', '2021-05-07 00:10:14', 'Ipaddress', NULL, NULL, NULL),
(181, 'edmundo', 'Logout', 'Logout', '2021-05-07 00:28:42', 'Ipaddress', NULL, NULL, NULL),
(182, 'edmundo', 'Login', 'LoginValidation', '2021-05-07 00:28:54', 'Ipaddress', NULL, NULL, NULL),
(183, 'edmundo', 'Logout', 'Logout', '2021-05-07 00:35:04', 'Ipaddress', NULL, NULL, NULL),
(184, 'edmundo', 'Login', 'LoginValidation', '2021-05-07 00:35:09', 'Ipaddress', NULL, NULL, NULL),
(185, 'edmundo', 'Logout', 'Logout', '2021-05-07 00:35:20', 'Ipaddress', NULL, NULL, NULL),
(186, 'edmundo', 'Login', 'LoginValidation', '2021-05-07 00:35:40', 'Ipaddress', NULL, NULL, NULL),
(187, 'edmundo', 'Logout', 'Logout', '2021-05-07 00:36:08', 'Ipaddress', NULL, NULL, NULL),
(188, 'edmundo', 'Login', 'LoginValidation', '2021-05-07 00:36:27', 'Ipaddress', NULL, NULL, NULL),
(189, 'edmundo', 'Inserto Idea', 'IdeaInsert', '2021-05-07 00:49:35', 'Ipaddress', NULL, NULL, NULL),
(190, 'edmundo', 'Login', 'LoginValidation', '2021-05-07 11:54:13', 'Ipaddress', NULL, NULL, NULL),
(191, 'edmundo', 'Logout', 'Logout', '2021-05-07 13:47:39', 'Ipaddress', NULL, NULL, NULL),
(192, 'edmundo', 'Login', 'LoginValidation', '2021-05-07 13:47:43', 'Ipaddress', NULL, NULL, NULL),
(193, 'edmundo', 'Login', 'LoginValidation', '2021-05-07 18:43:56', 'Ipaddress', NULL, NULL, NULL),
(194, 'edmundo', 'Login', 'LoginValidation', '2021-05-07 22:43:21', 'Ipaddress', NULL, NULL, NULL),
(195, 'edmundo', 'Login', 'LoginValidation', '2021-05-08 14:19:40', 'Ipaddress', NULL, NULL, NULL),
(196, 'edmundo', 'Login', 'LoginValidation', '2021-05-08 19:29:06', 'Ipaddress', NULL, NULL, NULL),
(197, 'gaby', 'Login', 'LoginValidation', '2021-05-08 20:15:54', 'Ipaddress', NULL, NULL, NULL),
(198, 'edmundo', 'Logout', 'Logout', '2021-05-08 20:19:21', 'Ipaddress', NULL, NULL, NULL),
(199, 'gaby', 'Logout', 'Logout', '2021-05-08 20:19:25', 'Ipaddress', NULL, NULL, NULL),
(200, 'gaby', 'Login', 'LoginValidation', '2021-05-08 20:19:32', 'Ipaddress', NULL, NULL, NULL),
(201, 'edmundo', 'Login', 'LoginValidation', '2021-05-08 20:21:35', 'Ipaddress', NULL, NULL, NULL),
(202, 'gaby', 'Login', 'LoginValidation', '2021-05-09 00:37:42', 'Ipaddress', NULL, NULL, NULL),
(203, 'edmundo', 'Login', 'LoginValidation', '2021-05-09 02:34:20', 'Ipaddress', NULL, NULL, NULL),
(204, 'edmundo', 'Logout', 'Logout', '2021-05-09 02:39:47', 'Ipaddress', NULL, NULL, NULL),
(205, 'edmundo', 'Login', 'LoginValidation', '2021-05-09 02:50:18', 'Ipaddress', NULL, NULL, NULL),
(206, 'edmundo', 'Logout', 'Logout', '2021-05-09 02:50:22', 'Ipaddress', NULL, NULL, NULL),
(207, 'edmundo', 'Login', 'LoginValidation', '2021-05-09 23:26:38', 'Ipaddress', NULL, NULL, NULL),
(208, 'edmundo', 'Login', 'LoginValidation', '2021-05-10 00:38:53', 'Ipaddress', NULL, NULL, NULL),
(209, 'edmundo', 'Logout', 'Logout', '2021-05-10 00:41:21', 'Ipaddress', NULL, NULL, NULL),
(210, 'edmundo', 'Login', 'LoginValidation', '2021-05-11 15:03:53', 'Ipaddress', NULL, NULL, NULL),
(211, 'edmundo', 'Login', 'LoginValidation', '2021-05-12 22:31:50', 'Ipaddress', NULL, NULL, NULL),
(212, 'migala', 'Update Mentor Perfil', 'PerfilUpdate', '2021-05-12 23:21:50', 'Ipaddress', NULL, NULL, NULL),
(213, 'migala', 'Registro comentario', 'registra_comentario', '2021-05-12 23:22:36', 'Ipaddress', NULL, NULL, NULL),
(214, 'edmundo', 'Login', 'LoginValidation', '2021-05-12 23:27:07', 'Ipaddress', NULL, NULL, NULL),
(215, 'edmundo', 'Logout', 'Logout', '2021-05-12 23:29:51', 'Ipaddress', NULL, NULL, NULL),
(216, 'admin', 'AdminLogin', 'LoginValidation', '2021-05-12 23:40:19', 'Ipaddress', NULL, NULL, NULL),
(217, 'admin', 'Logout', 'Logout', '2021-05-12 23:40:25', 'Ipaddress', NULL, NULL, NULL),
(218, 'admin', 'AdminLogin', 'LoginValidation', '2021-05-12 23:47:30', 'Ipaddress', NULL, NULL, NULL),
(219, 'edmundo', 'Login', 'LoginValidation', '2021-05-31 22:19:37', 'Ipaddress', NULL, NULL, NULL),
(220, 'edmundo', 'Logout', 'Logout', '2021-05-31 22:31:36', 'Ipaddress', NULL, NULL, NULL),
(221, 'edmundo', 'Login', 'LoginValidation', '2021-05-31 23:03:38', 'Ipaddress', NULL, NULL, NULL),
(222, 'edmundo', 'Logout', 'Logout', '2021-05-31 23:03:52', 'Ipaddress', NULL, NULL, NULL),
(223, 'edmundo', 'Login', 'LoginValidation', '2021-05-31 23:04:06', 'Ipaddress', NULL, NULL, NULL),
(224, 'edmundo', 'Inserto Idea', 'IdeaInsert', '2021-05-31 23:36:34', 'Ipaddress', NULL, NULL, NULL),
(225, 'edmundo', 'Login', 'LoginValidation', '2021-06-01 17:09:20', 'Ipaddress', NULL, NULL, NULL),
(226, 'edmundo', 'Update Perfil', 'PerfilUpdate', '2021-06-01 17:37:40', 'Ipaddress', NULL, NULL, NULL),
(227, 'edmundo', 'Inserto Idea', 'IdeaInsert', '2021-06-01 18:41:19', 'Ipaddress', NULL, NULL, NULL),
(228, 'edmundo', 'Inserto Idea', 'IdeaInsert', '2021-06-01 18:48:00', 'Ipaddress', NULL, NULL, NULL),
(229, 'edmundo', 'Inserto Idea', 'IdeaInsert', '2021-06-01 18:48:43', 'Ipaddress', NULL, NULL, NULL),
(230, 'admin', 'AdminLogin', 'LoginValidation', '2021-06-01 19:51:25', 'Ipaddress', NULL, NULL, NULL),
(231, 'admin', 'Logout', 'Logout', '2021-06-01 19:53:18', 'Ipaddress', NULL, NULL, NULL),
(232, 'admin', 'AdminLogin', 'LoginValidation', '2021-06-01 19:53:23', 'Ipaddress', NULL, NULL, NULL),
(233, 'admin', 'AdminLogin', 'LoginValidation', '2021-06-01 22:15:13', 'Ipaddress', NULL, NULL, NULL),
(234, 'admin', 'Logout', 'Logout', '2021-06-01 22:18:21', 'Ipaddress', NULL, NULL, NULL),
(235, 'admin', 'AdminLogin', 'LoginValidation', '2021-06-01 22:18:35', 'Ipaddress', NULL, NULL, NULL),
(236, 'admin', 'Logout', 'Logout', '2021-06-01 22:23:22', 'Ipaddress', NULL, NULL, NULL),
(237, 'admin', 'AdminLogin', 'LoginValidation', '2021-06-01 22:23:28', 'Ipaddress', NULL, NULL, NULL),
(238, 'admin', 'Logout', 'Logout', '2021-06-01 22:24:48', 'Ipaddress', NULL, NULL, NULL),
(239, 'admin', 'AdminLogin', 'LoginValidation', '2021-06-01 22:26:18', 'Ipaddress', NULL, NULL, NULL),
(240, 'admin', 'Update Perfil', 'PerfilUpdate', '2021-06-01 22:54:55', 'Ipaddress', NULL, NULL, NULL),
(241, 'admin', 'Registra Nuevo Mentor', 'SaveNewMentor', '2021-06-02 00:14:27', 'Ipaddress', NULL, NULL, NULL),
(242, 'admin', 'Registra Nuevo Estudiante', 'SaveNewEstudiante', '2021-06-02 00:25:47', 'Ipaddress', NULL, NULL, NULL),
(243, 'admin', 'Registra Nuevo Evento', 'SaveNewEvento', '2021-06-02 00:40:17', 'Ipaddress', NULL, NULL, NULL),
(244, 'admin', 'Registra Nueva Convocatoria', 'SaveNewConvocatoria', '2021-06-02 00:50:55', 'Ipaddress', NULL, NULL, NULL),
(245, 'admin', 'AdminLogin', 'LoginValidation', '2021-06-02 11:09:31', 'Ipaddress', NULL, NULL, NULL),
(246, 'admin', 'Eliminar Mentor', 'DeleteMentor', '2021-06-02 11:32:25', 'Ipaddress', NULL, NULL, NULL),
(247, 'admin', 'Eliminar Mentor', 'DeleteMentor', '2021-06-02 11:32:37', 'Ipaddress', NULL, NULL, NULL),
(248, 'admin', 'Registra Nuevo Mentor', 'SaveNewMentor', '2021-06-02 11:33:12', 'Ipaddress', NULL, NULL, NULL),
(249, 'admin', 'Eliminar Mentor', 'DeleteMentor', '2021-06-02 11:33:14', 'Ipaddress', NULL, NULL, NULL),
(250, 'admin', 'Registra Nuevo Mentor', 'SaveNewMentor', '2021-06-02 11:36:52', 'Ipaddress', NULL, NULL, NULL),
(251, 'admin', 'Eliminar Mentor', 'DeleteMentor', '2021-06-02 11:36:55', 'Ipaddress', NULL, NULL, NULL),
(252, 'admin', 'Eliminar Estudiante', 'DeleteEstudiante', '2021-06-02 11:40:30', 'Ipaddress', NULL, NULL, NULL),
(253, 'admin', 'Eliminar Convocatoria', 'DeleteConvocatoria', '2021-06-02 11:47:24', 'Ipaddress', NULL, NULL, NULL),
(254, 'admin', 'Actualizar Evento', 'UpdateEvento', '2021-06-02 15:02:20', 'Ipaddress', NULL, NULL, NULL),
(255, 'admin', 'Registra Nuevo Mentor', 'SaveNewMentor', '2021-06-02 15:03:18', 'Ipaddress', NULL, NULL, NULL),
(256, 'admin', 'Eliminar Mentor', 'DeleteMentor', '2021-06-02 15:03:20', 'Ipaddress', NULL, NULL, NULL),
(257, 'admin', 'Actualizar Convocatoria', 'UpdateConvocatoria', '2021-06-02 15:37:57', 'Ipaddress', NULL, NULL, NULL),
(258, 'admin', 'Logout', 'Logout', '2021-06-02 16:27:06', 'Ipaddress', NULL, NULL, NULL),
(259, 'edmundo', 'Login', 'LoginValidation', '2021-06-02 16:30:56', 'Ipaddress', NULL, NULL, NULL),
(260, 'edmundo', 'Logout', 'Logout', '2021-06-02 16:33:10', 'Ipaddress', NULL, NULL, NULL),
(261, 'admin', 'AdminLogin', 'LoginValidation', '2021-06-02 16:37:28', 'Ipaddress', NULL, NULL, NULL),
(262, 'admin', 'Logout', 'Logout', '2021-06-02 16:37:43', 'Ipaddress', NULL, NULL, NULL),
(263, 'admin', 'AdminLogin', 'LoginValidation', '2021-06-02 16:38:51', 'Ipaddress', NULL, NULL, NULL),
(264, 'admin', 'Logout', 'Logout', '2021-06-02 16:39:05', 'Ipaddress', NULL, NULL, NULL),
(265, 'edmundo', 'Login', 'LoginValidation', '2021-06-02 16:40:14', 'Ipaddress', NULL, NULL, NULL),
(266, 'edmundo', 'Logout', 'Logout', '2021-06-02 16:40:34', 'Ipaddress', NULL, NULL, NULL),
(267, 'edmundo', 'Login', 'LoginValidation', '2021-06-02 16:41:04', 'Ipaddress', NULL, NULL, NULL),
(268, 'edmundo', 'Logout', 'Logout', '2021-06-02 16:41:18', 'Ipaddress', NULL, NULL, NULL),
(269, 'admin', 'AdminLogin', 'LoginValidation', '2021-06-02 16:41:48', 'Ipaddress', NULL, NULL, NULL),
(270, 'admin', 'Logout', 'Logout', '2021-06-02 16:41:55', 'Ipaddress', NULL, NULL, NULL),
(271, 'edmundo', 'Login', 'LoginValidation', '2021-06-02 16:43:43', 'Ipaddress', NULL, NULL, NULL),
(272, 'edmundo', 'Logout', 'Logout', '2021-06-02 16:43:50', 'Ipaddress', NULL, NULL, NULL),
(273, 'lyonsis', 'Login', 'LoginValidation', '2021-06-02 16:45:59', 'Ipaddress', NULL, NULL, NULL),
(274, 'lyonsis', 'Logout', 'Logout', '2021-06-02 16:46:09', 'Ipaddress', NULL, NULL, NULL),
(275, 'edmundo', 'Login', 'LoginValidation', '2021-06-02 16:46:45', 'Ipaddress', NULL, NULL, NULL),
(276, 'edmundo', 'Logout', 'Logout', '2021-06-02 16:46:50', 'Ipaddress', NULL, NULL, NULL),
(277, 'edmundo', 'Login', 'LoginValidation', '2021-06-02 16:48:45', 'Ipaddress', NULL, NULL, NULL),
(278, 'edmundo', 'Logout', 'Logout', '2021-06-02 16:48:54', 'Ipaddress', NULL, NULL, NULL),
(279, 'edmundo', 'Login', 'LoginValidation', '2021-06-02 16:51:18', 'Ipaddress', NULL, NULL, NULL),
(280, 'edmundo', 'Logout', 'Logout', '2021-06-02 16:51:23', 'Ipaddress', NULL, NULL, NULL),
(281, 'admin', 'AdminLogin', 'LoginValidation', '2021-06-02 16:51:35', 'Ipaddress', NULL, NULL, NULL),
(282, 'admin', 'Logout', 'Logout', '2021-06-02 16:51:40', 'Ipaddress', NULL, NULL, NULL),
(283, 'admin', 'AdminLogin', 'LoginValidation', '2021-06-02 16:53:41', 'Ipaddress', NULL, NULL, NULL),
(284, 'admin', 'Logout', 'Logout', '2021-06-02 16:53:55', 'Ipaddress', NULL, NULL, NULL),
(285, 'edmundo', 'Login', 'LoginValidation', '2021-06-02 16:55:38', 'Ipaddress', NULL, NULL, NULL),
(286, 'edmundo', 'Logout', 'Logout', '2021-06-02 16:55:44', 'Ipaddress', NULL, NULL, NULL),
(287, 'admin', 'AdminLogin', 'LoginValidation', '2021-06-02 16:55:48', 'Ipaddress', NULL, NULL, NULL),
(288, 'admin', 'Logout', 'Logout', '2021-06-02 16:55:52', 'Ipaddress', NULL, NULL, NULL),
(289, 'edmundo', 'Login', 'LoginValidation', '2021-06-02 16:57:22', 'Ipaddress', NULL, NULL, NULL),
(290, 'edmundo', 'Update Perfil', 'PerfilUpdate', '2021-06-02 16:58:58', 'Ipaddress', NULL, NULL, NULL),
(291, 'edmundo', 'Logout', 'Logout', '2021-06-02 16:59:07', 'Ipaddress', NULL, NULL, NULL),
(292, 'migala', 'Update Mentor Perfil', 'PerfilUpdate', '2021-06-02 16:59:30', 'Ipaddress', NULL, NULL, NULL),
(293, 'admin', 'AdminLogin', 'LoginValidation', '2021-06-02 16:59:39', 'Ipaddress', NULL, NULL, NULL),
(294, 'admin', 'Actualizar Evento', 'UpdateEvento', '2021-06-02 16:59:50', 'Ipaddress', NULL, NULL, NULL),
(295, 'admin', 'Logout', 'Logout', '2021-06-02 17:02:37', 'Ipaddress', NULL, NULL, NULL),
(296, 'edmundo', 'Login', 'LoginValidation', '2021-06-02 17:02:42', 'Ipaddress', NULL, NULL, NULL),
(297, 'edmundo', 'Registro pregunta', 'registra_pregunta', '2021-06-02 17:05:01', 'Ipaddress', NULL, NULL, NULL),
(298, 'edmundo', 'Login', 'LoginValidation', '2021-06-02 17:08:31', 'Ipaddress', NULL, NULL, NULL),
(299, 'edmundo', 'Logout', 'Logout', '2021-06-02 17:09:12', 'Ipaddress', NULL, NULL, NULL),
(300, 'edmundo', 'Login', 'LoginValidation', '2021-06-02 17:09:16', 'Ipaddress', NULL, NULL, NULL),
(301, 'edmundo', 'Logout', 'Logout', '2021-06-02 17:27:27', 'Ipaddress', NULL, NULL, NULL),
(302, 'admin', 'AdminLogin', 'LoginValidation', '2021-06-02 17:37:59', 'Ipaddress', NULL, NULL, NULL),
(303, 'edmundo', 'Login', 'LoginValidation', '2021-06-02 18:31:47', 'Ipaddress', NULL, NULL, NULL),
(304, 'edmundo', 'Logout', 'Logout', '2021-06-02 18:32:50', 'Ipaddress', NULL, NULL, NULL),
(305, 'admin', 'Logout', 'Logout', '2021-06-02 18:36:47', 'Ipaddress', NULL, NULL, NULL),
(306, 'edmundo', 'Login', 'LoginValidation', '2021-06-02 18:43:43', 'Ipaddress', NULL, NULL, NULL),
(307, 'edmundo', 'Logout', 'Logout', '2021-06-02 18:43:52', 'Ipaddress', NULL, NULL, NULL),
(308, 'admin', 'AdminLogin', 'LoginValidation', '2021-06-02 18:44:16', 'Ipaddress', NULL, NULL, NULL),
(309, 'admin', 'Logout', 'Logout', '2021-06-02 18:44:37', 'Ipaddress', NULL, NULL, NULL),
(310, 'edmundo', 'Login', 'LoginValidation', '2021-06-02 18:45:00', 'Ipaddress', NULL, NULL, NULL),
(311, 'admin', 'AdminLogin', 'LoginValidation', '2021-06-02 18:45:47', 'Ipaddress', NULL, NULL, NULL),
(312, 'admin', 'Logout', 'Logout', '2021-06-02 18:48:16', 'Ipaddress', NULL, NULL, NULL),
(313, 'edmundo', 'Logout', 'Logout', '2021-06-02 18:50:27', 'Ipaddress', NULL, NULL, NULL),
(314, 'edmundo', 'Login', 'LoginValidation', '2021-06-02 18:51:00', 'Ipaddress', NULL, NULL, NULL),
(315, 'edmundo', 'Logout', 'Logout', '2021-06-02 18:55:06', 'Ipaddress', NULL, NULL, NULL),
(316, 'edmundo', 'Login', 'LoginValidation', '2021-06-02 19:02:41', 'Ipaddress', NULL, NULL, NULL),
(317, 'edmundo', 'Login', 'LoginValidation', '2021-06-02 19:05:48', 'Ipaddress', NULL, NULL, NULL),
(318, 'edmundo', 'Logout', 'Logout', '2021-06-02 19:07:24', 'Ipaddress', NULL, NULL, NULL),
(319, 'edmundo', 'Logout', 'Logout', '2021-06-02 19:07:50', 'Ipaddress', NULL, NULL, NULL),
(320, 'admin', 'AdminLogin', 'LoginValidation', '2021-06-02 19:15:08', 'Ipaddress', NULL, NULL, NULL),
(321, 'admin', 'AdminLogin', 'LoginValidation', '2021-06-02 20:39:39', 'Ipaddress', NULL, NULL, NULL),
(322, 'admin', 'Logout', 'Logout', '2021-06-02 20:41:07', 'Ipaddress', NULL, NULL, NULL),
(323, 'edmundo', 'Login', 'LoginValidation', '2021-06-03 17:27:31', 'Ipaddress', NULL, NULL, NULL),
(324, 'edmundo', 'Logout', 'Logout', '2021-06-03 17:27:55', 'Ipaddress', NULL, NULL, NULL),
(325, 'admin', 'AdminLogin', 'LoginValidation', '2021-06-03 17:28:21', 'Ipaddress', NULL, NULL, NULL),
(326, 'admin', 'Logout', 'Logout', '2021-06-03 17:29:17', 'Ipaddress', NULL, NULL, NULL),
(327, 'edmundo', 'Login', 'LoginValidation', '2021-06-03 17:29:37', 'Ipaddress', NULL, NULL, NULL),
(328, 'edmundo', 'Logout', 'Logout', '2021-06-03 17:31:55', 'Ipaddress', NULL, NULL, NULL),
(329, 'asd', 'Login', 'LoginValidation', '2021-06-04 00:16:15', 'Ipaddress', NULL, NULL, NULL),
(330, 'asd', 'Login', 'LoginValidation', '2021-06-04 00:21:00', 'Ipaddress', NULL, NULL, NULL),
(331, 'asd', 'Login', 'LoginValidation', '2021-06-04 00:43:49', 'Ipaddress', NULL, NULL, NULL),
(332, 'asd', 'Login', 'LoginValidation', '2021-06-04 00:44:52', 'Ipaddress', NULL, NULL, NULL),
(333, 'asd', 'Login', 'LoginValidation', '2021-06-04 00:45:29', 'Ipaddress', NULL, NULL, NULL),
(334, 'asd', 'Login', 'LoginValidation', '2021-06-04 11:32:05', 'Ipaddress', NULL, NULL, NULL),
(335, 'asd', 'Logout', 'Logout', '2021-06-04 11:32:57', 'Ipaddress', NULL, NULL, NULL),
(336, 'asd', 'Login', 'LoginValidation', '2021-06-04 11:47:04', 'Ipaddress', NULL, NULL, NULL),
(337, 'asd', 'Logout', 'Logout', '2021-06-04 11:47:10', 'Ipaddress', NULL, NULL, NULL),
(338, 'elmer', 'Login', 'LoginValidation', '2021-06-04 12:08:13', 'Ipaddress', NULL, NULL, NULL),
(339, 'elmer', 'Logout', 'Logout', '2021-06-04 12:08:28', 'Ipaddress', NULL, NULL, NULL),
(340, 'elmer', 'Login', 'LoginValidation', '2021-06-04 12:08:37', 'Ipaddress', NULL, NULL, NULL),
(341, 'elmer', 'Logout', 'Logout', '2021-06-04 12:08:50', 'Ipaddress', NULL, NULL, NULL),
(342, 'elmer', 'Login', 'LoginValidation', '2021-06-04 12:24:00', 'Ipaddress', NULL, NULL, NULL),
(343, 'elmer', 'Logout', 'Logout', '2021-06-04 12:24:04', 'Ipaddress', NULL, NULL, NULL),
(344, 'asd', 'Login', 'LoginValidation', '2021-06-04 12:25:29', 'Ipaddress', NULL, NULL, NULL),
(345, 'asd', 'Logout', 'Logout', '2021-06-04 12:25:34', 'Ipaddress', NULL, NULL, NULL),
(346, 'asd', 'Login', 'LoginValidation', '2021-06-04 13:08:39', 'Ipaddress', NULL, NULL, NULL),
(347, 'asd', 'Logout', 'Logout', '2021-06-04 13:08:41', 'Ipaddress', NULL, NULL, NULL),
(348, 'elmer', 'Login', 'LoginValidation', '2021-06-04 15:07:23', 'Ipaddress', NULL, NULL, NULL),
(349, 'elmer', 'Logout', 'Logout', '2021-06-04 15:07:35', 'Ipaddress', NULL, NULL, NULL),
(350, 'asd', 'Login', 'LoginValidation', '2021-06-04 19:12:14', 'Ipaddress', NULL, NULL, NULL),
(351, 'asd', 'Logout', 'Logout', '2021-06-04 19:13:26', 'Ipaddress', NULL, NULL, NULL),
(352, 'admin', 'AdminLogin', 'LoginValidation', '2021-06-04 19:23:41', 'Ipaddress', NULL, NULL, NULL),
(353, 'admin', 'Logout', 'Logout', '2021-06-04 19:24:14', 'Ipaddress', NULL, NULL, NULL),
(354, 'carol', 'Login', 'LoginValidation', '2021-06-04 22:39:30', 'Ipaddress', NULL, NULL, NULL),
(355, 'carol', 'Logout', 'Logout', '2021-06-04 22:39:42', 'Ipaddress', NULL, NULL, NULL),
(356, 'asd', 'Login', 'LoginValidation', '2021-06-04 22:48:48', 'Ipaddress', NULL, NULL, NULL),
(357, 'asd', 'Logout', 'Logout', '2021-06-04 22:52:51', 'Ipaddress', NULL, NULL, NULL),
(358, 'admin', 'AdminLogin', 'LoginValidation', '2021-06-04 22:52:56', 'Ipaddress', NULL, NULL, NULL),
(359, 'asd', 'Login', 'LoginValidation', '2021-06-04 23:30:41', 'Ipaddress', NULL, NULL, NULL),
(360, 'asd', 'Logout', 'Logout', '2021-06-04 23:31:02', 'Ipaddress', NULL, NULL, NULL),
(361, 'asd', 'Login', 'LoginValidation', '2021-06-05 00:04:38', 'Ipaddress', NULL, NULL, NULL),
(362, 'asd', 'Update Perfil', 'PerfilUpdate', '2021-06-05 00:15:56', 'Ipaddress', NULL, NULL, NULL),
(363, 'asd', 'Update Perfil', 'PerfilUpdate', '2021-06-05 00:16:09', 'Ipaddress', NULL, NULL, NULL),
(364, 'asd', 'Update Perfil', 'PerfilUpdate', '2021-06-05 00:16:20', 'Ipaddress', NULL, NULL, NULL),
(365, 'asd', 'Logout', 'Logout', '2021-06-05 00:17:29', 'Ipaddress', NULL, NULL, NULL),
(366, 'asd', 'Login', 'LoginValidation', '2021-06-05 00:22:28', 'Ipaddress', NULL, NULL, NULL),
(367, 'asd', 'Logout', 'Logout', '2021-06-05 00:22:31', 'Ipaddress', NULL, NULL, NULL),
(368, 'asd', 'Login', 'LoginValidation', '2021-06-05 00:28:08', 'Ipaddress', NULL, NULL, NULL),
(369, 'asd', 'Logout', 'Logout', '2021-06-05 00:28:10', 'Ipaddress', NULL, NULL, NULL),
(370, 'asd', 'Login', 'LoginValidation', '2021-06-05 00:29:08', 'Ipaddress', NULL, NULL, NULL),
(371, 'asd', 'Registro pregunta', 'registra_pregunta', '2021-06-05 00:29:17', 'Ipaddress', NULL, NULL, NULL),
(372, 'asd', 'Logout', 'Logout', '2021-06-05 00:29:26', 'Ipaddress', NULL, NULL, NULL),
(373, 'asd', 'Login', 'LoginValidation', '2021-06-05 00:30:27', 'Ipaddress', NULL, NULL, NULL),
(374, 'asd', 'Logout', 'Logout', '2021-06-05 00:30:52', 'Ipaddress', NULL, NULL, NULL),
(375, 'asd', 'Login', 'LoginValidation', '2021-06-05 00:46:08', 'Ipaddress', NULL, NULL, NULL),
(376, 'asd', 'Logout', 'Logout', '2021-06-05 00:46:24', 'Ipaddress', NULL, NULL, NULL),
(377, 'asd', 'Login', 'LoginValidation', '2021-06-05 00:50:21', 'Ipaddress', NULL, NULL, NULL),
(378, 'asd', 'Update Perfil', 'PerfilUpdate', '2021-06-05 00:50:47', 'Ipaddress', NULL, NULL, NULL),
(379, 'asd', 'Logout', 'Logout', '2021-06-05 01:01:08', 'Ipaddress', NULL, NULL, NULL),
(380, 'admin', 'AdminLogin', 'LoginValidation', '2021-06-05 01:01:26', 'Ipaddress', NULL, NULL, NULL),
(381, 'asd', 'Login', 'LoginValidation', '2021-06-05 11:41:36', 'Ipaddress', NULL, NULL, NULL),
(382, 'admin', 'AdminLogin', 'LoginValidation', '2021-06-05 11:45:31', 'Ipaddress', NULL, NULL, NULL),
(383, 'admin', 'Registra Nueva Convocatoria', 'SaveNewConvocatoria', '2021-06-05 11:46:15', 'Ipaddress', NULL, NULL, NULL),
(384, 'admin', 'Actualizar Convocatoria', 'UpdateConvocatoria', '2021-06-05 11:57:07', 'Ipaddress', NULL, NULL, NULL),
(385, 'asd', 'Logout', 'Logout', '2021-06-05 11:57:44', 'Ipaddress', NULL, NULL, NULL),
(386, 'asd', 'Login', 'LoginValidation', '2021-06-05 11:57:50', 'Ipaddress', NULL, NULL, NULL),
(387, 'asd', 'Logout', 'Logout', '2021-06-05 11:58:04', 'Ipaddress', NULL, NULL, NULL),
(388, 'admin', 'Registra Nueva Convocatoria', 'SaveNewConvocatoria', '2021-06-05 11:58:28', 'Ipaddress', NULL, NULL, NULL),
(389, 'asd', 'Login', 'LoginValidation', '2021-06-05 11:58:37', 'Ipaddress', NULL, NULL, NULL),
(390, 'asd', 'Inserto Idea', 'IdeaInsert', '2021-06-05 12:05:53', 'Ipaddress', NULL, NULL, NULL),
(391, 'asd', 'Inserto Idea', 'IdeaInsert', '2021-06-05 12:28:36', 'Ipaddress', NULL, NULL, NULL),
(392, 'asd', 'Inserto Idea', 'IdeaInsert', '2021-06-05 12:40:39', 'Ipaddress', NULL, NULL, NULL),
(393, 'asd', 'Inserto Idea', 'IdeaInsert', '2021-06-05 12:40:57', 'Ipaddress', NULL, NULL, NULL),
(394, 'asd', 'Inserto Idea', 'IdeaInsert', '2021-06-05 12:41:23', 'Ipaddress', NULL, NULL, NULL),
(395, 'asd', 'Logout', 'Logout', '2021-06-05 13:29:27', 'Ipaddress', NULL, NULL, NULL),
(396, 'admin', 'AdminLogin', 'LoginValidation', '2021-06-05 13:32:21', 'Ipaddress', NULL, NULL, NULL),
(397, 'admin', 'AdminLogin', 'LoginValidation', '2021-06-06 18:27:03', 'Ipaddress', NULL, NULL, NULL),
(398, 'admin', 'Registra Nuevo Evento', 'SaveNewEvento', '2021-06-06 19:06:02', 'Ipaddress', NULL, NULL, NULL),
(399, 'admin', 'Actualizar Evento', 'UpdateEvento', '2021-06-06 19:06:30', 'Ipaddress', NULL, NULL, NULL),
(400, 'admin', 'AdminLogin', 'LoginValidation', '2021-06-06 19:14:34', 'Ipaddress', NULL, NULL, NULL),
(401, 'admin', 'AdminLogin', 'LoginValidation', '2021-06-06 20:35:11', 'Ipaddress', NULL, NULL, NULL),
(402, 'admin', 'Registra Nuevo Administrador', 'SaveNewAdministrador', '2021-06-06 20:36:58', 'Ipaddress', NULL, NULL, NULL),
(403, 'admin', 'Eliminar Administrador', 'DeleteAdministrador', '2021-06-06 20:39:28', 'Ipaddress', NULL, NULL, NULL),
(404, 'admin', 'Eliminar Administrador', 'DeleteAdministrador', '2021-06-06 20:39:55', 'Ipaddress', NULL, NULL, NULL),
(405, 'admin', 'Registra Nuevo Administrador', 'SaveNewAdministrador', '2021-06-06 20:40:25', 'Ipaddress', NULL, NULL, NULL),
(406, 'admin', 'Logout', 'Logout', '2021-06-06 20:41:19', 'Ipaddress', NULL, NULL, NULL),
(407, 'editor01', 'EditorLogin', 'LoginValidation', '2021-06-06 20:41:25', 'Ipaddress', NULL, NULL, NULL),
(408, 'admin', 'AdminLogin', 'LoginValidation', '2021-06-06 20:53:30', 'Ipaddress', NULL, NULL, NULL),
(409, 'editor01', 'Update Perfil', 'PerfilUpdate', '2021-06-06 20:58:42', 'Ipaddress', NULL, NULL, NULL),
(410, 'editor01', 'Update Perfil', 'PerfilUpdate', '2021-06-06 21:54:08', 'Ipaddress', NULL, NULL, NULL),
(411, 'editor01', 'Update Perfil', 'PerfilUpdate', '2021-06-06 21:54:18', 'Ipaddress', NULL, NULL, NULL),
(412, 'editor01', 'Update Perfil', 'PerfilUpdate', '2021-06-06 22:00:29', 'Ipaddress', NULL, NULL, NULL),
(413, 'editor01', 'Update Perfil', 'PerfilUpdate', '2021-06-06 22:01:09', 'Ipaddress', NULL, NULL, NULL),
(414, 'editor01', 'Update Perfil', 'PerfilUpdate', '2021-06-06 22:01:20', 'Ipaddress', NULL, NULL, NULL),
(415, 'admin', 'Update Perfil', 'PerfilUpdate', '2021-06-06 22:01:42', 'Ipaddress', NULL, NULL, NULL),
(416, 'admin', 'Registra Nuevo Mentor', 'SaveNewMentor', '2021-06-06 22:12:54', 'Ipaddress', NULL, NULL, NULL),
(417, 'admin', 'Eliminar Mentor', 'DeleteMentor', '2021-06-06 22:14:09', 'Ipaddress', NULL, NULL, NULL),
(418, 'admin', 'Eliminar Mentor', 'DeleteMentor', '2021-06-06 22:15:09', 'Ipaddress', NULL, NULL, NULL),
(419, 'admin', 'Eliminar Mentor', 'DeleteMentor', '2021-06-06 22:17:10', 'Ipaddress', NULL, NULL, NULL),
(420, 'admin', 'Eliminar Mentor', 'DeleteMentor', '2021-06-06 22:17:28', 'Ipaddress', NULL, NULL, NULL),
(421, 'admin', 'Eliminar Mentor', 'DeleteMentor', '2021-06-06 22:18:37', 'Ipaddress', NULL, NULL, NULL),
(422, 'admin', 'Eliminar Mentor', 'DeleteMentor', '2021-06-06 22:19:21', 'Ipaddress', NULL, NULL, NULL),
(423, 'admin', 'Eliminar Mentor', 'DeleteMentor', '2021-06-06 22:20:10', 'Ipaddress', NULL, NULL, NULL),
(424, 'admin', 'Update Perfil', 'PerfilUpdate', '2021-06-06 22:20:13', 'Ipaddress', NULL, NULL, NULL),
(425, 'admin', 'Registra Nuevo Mentor', 'SaveNewMentor', '2021-06-06 22:20:42', 'Ipaddress', NULL, NULL, NULL),
(426, 'admin', 'Eliminar Mentor', 'DeleteMentor', '2021-06-06 22:21:37', 'Ipaddress', NULL, NULL, NULL),
(427, 'admin', 'Registra Nuevo Mentor', 'SaveNewMentor', '2021-06-06 22:22:00', 'Ipaddress', NULL, NULL, NULL),
(428, 'editor01', 'Logout', 'Logout', '2021-06-06 22:22:57', 'Ipaddress', NULL, NULL, NULL),
(429, 'editor01', 'EditorLogin', 'LoginValidation', '2021-06-06 22:23:27', 'Ipaddress', NULL, NULL, NULL),
(430, 'admin', 'Registra Nuevo Estudiante', 'SaveNewEstudiante', '2021-06-06 22:30:40', 'Ipaddress', NULL, NULL, NULL),
(431, 'admin', 'Eliminar Estudiante', 'DeleteEstudiante', '2021-06-06 22:31:33', 'Ipaddress', NULL, NULL, NULL),
(432, 'admin', 'Registra Nuevo Estudiante', 'SaveNewEstudiante', '2021-06-06 22:32:03', 'Ipaddress', NULL, NULL, NULL),
(433, 'admin', 'Registra Nuevo Administrador', 'SaveNewAdministrador', '2021-06-06 22:35:20', 'Ipaddress', NULL, NULL, NULL),
(434, 'admin', 'Logout', 'Logout', '2021-06-06 22:35:33', 'Ipaddress', NULL, NULL, NULL),
(435, 'admin02', 'AdminLogin', 'LoginValidation', '2021-06-06 22:35:40', 'Ipaddress', NULL, NULL, NULL),
(436, 'admin02', 'Eliminar Administrador', 'DeleteAdministrador', '2021-06-06 22:37:41', 'Ipaddress', NULL, NULL, NULL),
(437, 'admin02', 'Registra Nuevo Administrador', 'SaveNewAdministrador', '2021-06-06 22:37:57', 'Ipaddress', NULL, NULL, NULL),
(438, 'admin02', 'Logout', 'Logout', '2021-06-06 22:38:16', 'Ipaddress', NULL, NULL, NULL),
(439, 'admin02', 'AdminLogin', 'LoginValidation', '2021-06-06 22:38:24', 'Ipaddress', NULL, NULL, NULL),
(440, 'admin02', 'Registra Nuevo Evento', 'SaveNewEvento', '2021-06-06 22:43:54', 'Ipaddress', NULL, NULL, NULL),
(441, 'admin02', 'Eliminar Evento', 'DeleteEvento', '2021-06-06 22:44:07', 'Ipaddress', NULL, NULL, NULL),
(442, 'admin02', 'Eliminar Evento', 'DeleteEvento', '2021-06-06 22:45:43', 'Ipaddress', NULL, NULL, NULL),
(443, 'admin02', 'Eliminar Evento', 'DeleteEvento', '2021-06-06 22:48:47', 'Ipaddress', NULL, NULL, NULL),
(444, 'admin02', 'Eliminar Evento', 'DeleteEvento', '2021-06-06 22:48:56', 'Ipaddress', NULL, NULL, NULL),
(445, 'admin02', 'Actualizar Evento', 'UpdateEvento', '2021-06-06 22:49:08', 'Ipaddress', NULL, NULL, NULL),
(446, 'admin02', 'Actualizar Evento', 'UpdateEvento', '2021-06-06 22:49:52', 'Ipaddress', NULL, NULL, NULL),
(447, 'editor01', 'Registra Nuevo Evento', 'SaveNewEvento', '2021-06-06 22:51:27', 'Ipaddress', NULL, NULL, NULL),
(448, 'editor01', 'Eliminar Evento', 'DeleteEvento', '2021-06-06 22:52:31', 'Ipaddress', NULL, NULL, NULL),
(449, 'editor01', 'Eliminar Evento', 'DeleteEvento', '2021-06-06 22:52:56', 'Ipaddress', NULL, NULL, NULL),
(450, 'editor01', 'Actualizar Evento', 'UpdateEvento', '2021-06-06 22:53:04', 'Ipaddress', NULL, NULL, NULL),
(451, 'editor01', 'Registra Nueva Convocatoria', 'SaveNewConvocatoria', '2021-06-06 22:53:17', 'Ipaddress', NULL, NULL, NULL),
(452, 'editor01', 'Actualizar Convocatoria', 'UpdateConvocatoria', '2021-06-06 22:53:40', 'Ipaddress', NULL, NULL, NULL),
(453, 'editor01', 'Registra Nueva Convocatoria', 'SaveNewConvocatoria', '2021-06-06 22:58:34', 'Ipaddress', NULL, NULL, NULL),
(454, 'editor01', 'Eliminar Convocatoria', 'DeleteConvocatoria', '2021-06-06 22:59:10', 'Ipaddress', NULL, NULL, NULL),
(455, 'editor01', 'Eliminar Convocatoria', 'DeleteConvocatoria', '2021-06-06 22:59:13', 'Ipaddress', NULL, NULL, NULL),
(456, 'admin02', 'Registra Nueva Convocatoria', 'SaveNewConvocatoria', '2021-06-06 22:59:28', 'Ipaddress', NULL, NULL, NULL),
(457, 'admin02', 'Eliminar Convocatoria', 'DeleteConvocatoria', '2021-06-06 22:59:32', 'Ipaddress', NULL, NULL, NULL),
(458, 'admin02', 'Eliminar Convocatoria', 'DeleteConvocatoria', '2021-06-06 23:02:01', 'Ipaddress', NULL, NULL, NULL),
(459, 'admin02', 'Actualizar Convocatoria', 'UpdateConvocatoria', '2021-06-06 23:02:08', 'Ipaddress', NULL, NULL, NULL),
(460, 'editor01', 'Eliminar Convocatoria', 'DeleteConvocatoria', '2021-06-06 23:02:12', 'Ipaddress', NULL, NULL, NULL),
(461, 'editor01', 'Actualizar Convocatoria', 'UpdateConvocatoria', '2021-06-06 23:02:16', 'Ipaddress', NULL, NULL, NULL),
(462, 'editor01', 'Registra Nuevo Evento', 'SaveNewEvento', '2021-06-06 23:45:22', 'Ipaddress', NULL, NULL, NULL),
(463, 'editor01', 'Eliminar Evento', 'DeleteEvento', '2021-06-06 23:55:15', 'Ipaddress', NULL, NULL, NULL),
(464, 'editor01', 'Registra Nuevo Evento', 'SaveNewEvento', '2021-06-06 23:55:36', 'Ipaddress', NULL, NULL, NULL),
(465, 'editor01', 'Eliminar Evento', 'DeleteEvento', '2021-06-06 23:56:12', 'Ipaddress', NULL, NULL, NULL),
(466, 'editor01', 'Registra Nuevo Evento', 'SaveNewEvento', '2021-06-06 23:56:37', 'Ipaddress', NULL, NULL, NULL),
(467, 'editor01', 'Eliminar Evento', 'DeleteEvento', '2021-06-06 23:56:51', 'Ipaddress', NULL, NULL, NULL),
(468, 'editor01', 'Eliminar Evento', 'DeleteEvento', '2021-06-07 00:01:55', 'Ipaddress', NULL, NULL, NULL),
(469, 'editor01', 'Eliminar Evento', 'DeleteEvento', '2021-06-07 00:02:18', 'Ipaddress', NULL, NULL, NULL),
(470, 'editor01', 'Eliminar Evento', 'DeleteEvento', '2021-06-07 00:03:10', 'Ipaddress', NULL, NULL, NULL),
(471, 'editor01', 'Registra Nuevo Evento', 'SaveNewEvento', '2021-06-07 00:03:38', 'Ipaddress', NULL, NULL, NULL),
(472, 'editor01', 'Eliminar Evento', 'DeleteEvento', '2021-06-07 00:03:46', 'Ipaddress', NULL, NULL, NULL),
(473, 'editor01', 'Eliminar Evento', 'DeleteEvento', '2021-06-07 00:07:45', 'Ipaddress', NULL, NULL, NULL),
(474, 'editor01', 'Registra Nuevo Evento', 'SaveNewEvento', '2021-06-07 00:08:40', 'Ipaddress', NULL, NULL, NULL),
(475, 'editor01', 'Eliminar Evento', 'DeleteEvento', '2021-06-07 00:08:51', 'Ipaddress', NULL, NULL, NULL),
(476, 'editor01', 'Eliminar Evento', 'DeleteEvento', '2021-06-07 00:09:40', 'Ipaddress', NULL, NULL, NULL),
(477, 'editor01', 'Registra Nuevo Evento', 'SaveNewEvento', '2021-06-07 00:09:57', 'Ipaddress', NULL, NULL, NULL),
(478, 'editor01', 'Eliminar Evento', 'DeleteEvento', '2021-06-07 00:10:06', 'Ipaddress', NULL, NULL, NULL),
(479, 'editor01', 'Registra Nueva Convocatoria', 'SaveNewConvocatoria', '2021-06-07 00:10:28', 'Ipaddress', NULL, NULL, NULL),
(480, 'editor01', 'Eliminar Convocatoria', 'DeleteConvocatoria', '2021-06-07 00:10:31', 'Ipaddress', NULL, NULL, NULL),
(481, 'editor01', 'Eliminar Convocatoria', 'DeleteConvocatoria', '2021-06-07 00:10:34', 'Ipaddress', NULL, NULL, NULL),
(482, 'editor01', 'Eliminar Convocatoria', 'DeleteConvocatoria', '2021-06-07 00:10:51', 'Ipaddress', NULL, NULL, NULL),
(483, 'admin02', 'Eliminar Estudiante', 'DeleteEstudiante', '2021-06-07 00:11:58', 'Ipaddress', NULL, NULL, NULL),
(484, 'admin02', 'Registra Nuevo Evento', 'SaveNewEvento', '2021-06-07 00:22:03', 'Ipaddress', NULL, NULL, NULL),
(485, 'admin02', 'Logout', 'Logout', '2021-06-07 00:46:05', 'Ipaddress', NULL, NULL, NULL),
(486, 'editor01', 'Logout', 'Logout', '2021-06-07 00:46:13', 'Ipaddress', NULL, NULL, NULL),
(487, 'admin', 'AdminLogin', 'LoginValidation', '2021-06-07 00:53:38', 'Ipaddress', NULL, NULL, NULL),
(488, 'admin', 'Eliminar Mentor', 'DeleteMentor', '2021-06-07 00:53:48', 'Ipaddress', NULL, NULL, NULL),
(489, 'admin', 'Registra Nuevo Mentor', 'SaveNewMentor', '2021-06-07 00:54:12', 'Ipaddress', NULL, NULL, NULL),
(490, 'admin', 'Logout', 'Logout', '2021-06-07 00:54:18', 'Ipaddress', NULL, NULL, NULL),
(491, 'mentor03', 'LoginMentor', 'LoginValidation', '2021-06-07 00:54:22', 'Ipaddress', NULL, NULL, NULL),
(492, 'mentor03', 'LoginMentor', 'LoginValidation', '2021-06-07 00:54:58', 'Ipaddress', NULL, NULL, NULL),
(493, 'mentor03', 'Update Mentor Perfil', 'PerfilUpdate', '2021-06-07 01:00:53', 'Ipaddress', NULL, NULL, NULL),
(494, 'mentor03', 'Update Mentor Perfil', 'PerfilUpdate', '2021-06-07 01:01:08', 'Ipaddress', NULL, NULL, NULL),
(495, 'migala', 'LoginMentor', 'LoginValidation', '2021-06-07 01:04:12', 'Ipaddress', NULL, NULL, NULL),
(496, 'admin', 'AdminLogin', 'LoginValidation', '2021-06-07 11:20:14', 'Ipaddress', NULL, NULL, NULL),
(497, 'admin', 'Registra Nuevo Evento', 'SaveNewEvento', '2021-06-07 11:22:23', 'Ipaddress', NULL, NULL, NULL),
(498, 'admin', 'Logout', 'Logout', '2021-06-07 11:43:59', 'Ipaddress', NULL, NULL, NULL),
(499, 'editor01', 'EditorLogin', 'LoginValidation', '2021-06-07 11:45:44', 'Ipaddress', NULL, NULL, NULL),
(500, 'editor01', 'Actualizar Evento', 'UpdateEvento', '2021-06-07 11:46:52', 'Ipaddress', NULL, NULL, NULL),
(501, 'elmer', 'Login', 'LoginValidation', '2021-06-07 11:50:55', 'Ipaddress', NULL, NULL, NULL),
(502, 'elmer', 'Update Perfil', 'PerfilUpdate', '2021-06-07 11:53:23', 'Ipaddress', NULL, NULL, NULL),
(503, 'elmer', 'Update Perfil', 'PerfilUpdate', '2021-06-07 11:54:36', 'Ipaddress', NULL, NULL, NULL),
(504, 'elmer', 'Update Perfil', 'PerfilUpdate', '2021-06-07 11:54:50', 'Ipaddress', NULL, NULL, NULL),
(505, 'elmer', 'Update Perfil', 'PerfilUpdate', '2021-06-07 11:55:39', 'Ipaddress', NULL, NULL, NULL),
(506, 'elmer', 'Update Perfil', 'PerfilUpdate', '2021-06-07 11:56:35', 'Ipaddress', NULL, NULL, NULL),
(507, 'elmer', 'Update Perfil', 'PerfilUpdate', '2021-06-07 11:57:31', 'Ipaddress', NULL, NULL, NULL),
(508, 'elmer', 'Update Perfil', 'PerfilUpdate', '2021-06-07 11:58:49', 'Ipaddress', NULL, NULL, NULL),
(509, 'elmer', 'Update Perfil', 'PerfilUpdate', '2021-06-07 11:58:56', 'Ipaddress', NULL, NULL, NULL),
(510, 'elmer', 'Update Perfil', 'PerfilUpdate', '2021-06-07 11:59:31', 'Ipaddress', NULL, NULL, NULL),
(511, 'elmer', 'Inserto Idea', 'IdeaInsert', '2021-06-07 12:00:56', 'Ipaddress', NULL, NULL, NULL),
(512, 'elmer', 'Inserto Idea', 'IdeaInsert', '2021-06-07 12:03:10', 'Ipaddress', NULL, NULL, NULL),
(513, 'elmer', 'Inserto Idea', 'IdeaInsert', '2021-06-07 12:03:41', 'Ipaddress', NULL, NULL, NULL),
(514, 'elmer', 'Inserto Idea', 'IdeaInsert', '2021-06-07 12:04:23', 'Ipaddress', NULL, NULL, NULL),
(515, 'elmer', 'Inserto Idea', 'IdeaInsert', '2021-06-07 12:05:57', 'Ipaddress', NULL, NULL, NULL),
(516, 'elmer', 'Logout', 'Logout', '2021-06-07 12:33:21', 'Ipaddress', NULL, NULL, NULL),
(517, 'mentor03', 'LoginMentor', 'LoginValidation', '2021-06-07 12:33:32', 'Ipaddress', NULL, NULL, NULL),
(518, 'mentor03', 'Update Mentor Perfil', 'PerfilUpdate', '2021-06-07 12:36:09', 'Ipaddress', NULL, NULL, NULL),
(519, 'mentor03', 'Update Mentor Perfil', 'PerfilUpdate', '2021-06-07 12:36:53', 'Ipaddress', NULL, NULL, NULL),
(520, 'mentor03', 'Update Mentor Perfil', 'PerfilUpdate', '2021-06-07 12:36:56', 'Ipaddress', NULL, NULL, NULL),
(521, 'admin', 'AdminLogin', 'LoginValidation', '2021-06-07 12:38:53', 'Ipaddress', NULL, NULL, NULL),
(522, 'admin', 'Update Perfil', 'PerfilUpdate', '2021-06-07 12:40:24', 'Ipaddress', NULL, NULL, NULL),
(523, 'admin', 'Update Perfil', 'PerfilUpdate', '2021-06-07 12:43:36', 'Ipaddress', NULL, NULL, NULL),
(524, 'admin', 'Update Perfil', 'PerfilUpdate', '2021-06-07 12:44:07', 'Ipaddress', NULL, NULL, NULL),
(525, 'admin', 'Eliminar Estudiante', 'DeleteEstudiante', '2021-06-07 12:45:23', 'Ipaddress', NULL, NULL, NULL),
(526, 'admin', 'Eliminar Estudiante', 'DeleteEstudiante', '2021-06-07 12:45:27', 'Ipaddress', NULL, NULL, NULL),
(527, 'admin', 'Eliminar Estudiante', 'DeleteEstudiante', '2021-06-07 12:45:34', 'Ipaddress', NULL, NULL, NULL),
(528, 'admin', 'Actualizar Evento', 'UpdateEvento', '2021-06-07 12:46:40', 'Ipaddress', NULL, NULL, NULL),
(529, 'admin', 'Logout', 'Logout', '2021-06-07 12:48:18', 'Ipaddress', NULL, NULL, NULL);

-- --------------------------------------------------------

--
-- Estructura de tabla para la tabla `macrofiltro`
--

CREATE TABLE `macrofiltro` (
  `Id` int(11) NOT NULL,
  `IdUsuario` int(11) NOT NULL,
  `IdIdea` int(2) NOT NULL,
  `Criterio1` varchar(1) NOT NULL,
  `Criterio2` varchar(1) NOT NULL,
  `Criterio3` varchar(1) NOT NULL,
  `Criterio4` varchar(1) NOT NULL,
  `Criterio5` varchar(1) NOT NULL,
  `Criterio6` varchar(1) NOT NULL,
  `Criterio7` varchar(1) NOT NULL,
  `PuntajeMacro` int(11) NOT NULL
) ENGINE=InnoDB DEFAULT CHARSET=latin1;

--
-- Volcado de datos para la tabla `macrofiltro`
--

INSERT INTO `macrofiltro` (`Id`, `IdUsuario`, `IdIdea`, `Criterio1`, `Criterio2`, `Criterio3`, `Criterio4`, `Criterio5`, `Criterio6`, `Criterio7`, `PuntajeMacro`) VALUES
(1, 3, 5, '5', '1', '5', '5', '5', '5', '5', 31),
(2, 3, 6, '3', '5', '1', '5', '5', '1', '5', 25),
(3, 3, 9, '5', '5', '3', '1', '5', '3', '5', 27),
(4, 3, 10, '5', '3', '5', '5', '5', '5', '5', 33),
(5, 3, 11, '5', '5', '5', '3', '3', '5', '5', 31),
(6, 3, 13, '3', '3', '5', '3', '1', '1', '5', 21),
(7, 3, 14, '3', '1', '1', '5', '3', '3', '5', 21),
(8, 3, 15, '1', '1', '1', '5', '3', '3', '5', 19),
(9, 39, 16, '5', '3', '1', '1', '5', '3', '5', 23),
(10, 39, 17, '5', '3', '3', '1', '5', '5', '1', 23),
(11, 39, 18, '5', '3', '3', '3', '5', '5', '1', 25),
(12, 39, 19, '3', '5', '1', '1', '5', '3', '5', 23),
(13, 39, 20, '5', '3', '3', '5', '5', '1', '5', 27),
(14, 45, 21, '5', '3', '1', '5', '5', '1', '1', 21),
(15, 45, 22, '5', '3', '1', '3', '5', '3', '5', 25),
(16, 45, 23, '5', '1', '1', '5', '3', '1', '5', 21),
(17, 45, 24, '5', '3', '5', '3', '3', '3', '1', 23),
(18, 45, 25, '1', '1', '3', '5', '5', '3', '5', 23);

-- --------------------------------------------------------

--
-- Estructura de tabla para la tabla `mentores`
--

CREATE TABLE `mentores` (
  `Id` int(11) NOT NULL,
  `Nombre` varchar(75) NOT NULL,
  `Paterno` varchar(50) NOT NULL,
  `Materno` varchar(50) NOT NULL,
  `Pais` int(3) DEFAULT NULL,
  `Departamento` int(2) DEFAULT NULL,
  `Provincia` int(2) DEFAULT NULL,
  `Distrito` int(2) DEFAULT NULL,
  `Otra_Localidad` int(2) DEFAULT NULL,
  `Tipo` int(1) DEFAULT NULL,
  `Usuario` varchar(50) NOT NULL,
  `Password` varchar(255) NOT NULL,
  `Escuela_Profesional` int(2) DEFAULT NULL,
  `Codigo` char(15) DEFAULT NULL,
  `Dni` char(15) DEFAULT NULL,
  `Email` varchar(50) DEFAULT NULL,
  `Celular` char(15) DEFAULT NULL,
  `Direccion` varchar(100) DEFAULT NULL,
  `Sexo` int(1) DEFAULT NULL,
  `Fecha_Nac` date DEFAULT NULL,
  `Fecha_Inicio` date DEFAULT NULL,
  `Descripcion` varchar(200) DEFAULT NULL
) ENGINE=InnoDB DEFAULT CHARSET=latin1;

--
-- Volcado de datos para la tabla `mentores`
--

INSERT INTO `mentores` (`Id`, `Nombre`, `Paterno`, `Materno`, `Pais`, `Departamento`, `Provincia`, `Distrito`, `Otra_Localidad`, `Tipo`, `Usuario`, `Password`, `Escuela_Profesional`, `Codigo`, `Dni`, `Email`, `Celular`, `Direccion`, `Sexo`, `Fecha_Nac`, `Fecha_Inicio`, `Descripcion`) VALUES
(17, 'migala', 'escarcena', 'Flores', NULL, NULL, NULL, NULL, NULL, NULL, 'migala', '$2y$10$df/93dkNlMXzsBRfl6jRmuYkzGb3q39Wwjmnx6fNZ6qPuSOk7FBXy', 1, '124578', '56897845', 'migala@gmail.com', '959681452', 'Av. el sol 162', NULL, NULL, NULL, 'Docente de Administración'),
(19, 'Ernesto', 'Chura', 'Flores', NULL, NULL, NULL, NULL, NULL, NULL, 'zhildeer', '', NULL, '154852', '71508945', 'zhildeer.compras@gmail.com', '959681467', 'Av. el sol 1624', NULL, NULL, NULL, 'Estudiante de Ingeniería de Sistemas'),
(26, 'Rocio', 'Mendoza', 'Bustamante', NULL, NULL, NULL, NULL, NULL, NULL, 'mentor03', '$2y$10$df/93dkNlMXzsBRfl6jRmuYkzGb3q39Wwjmnx6fNZ6qPuSOk7FBXy', NULL, '11111', '11111111', 'rocio_12@gmail.com', '968563242', 'Av. la Torre 121', NULL, NULL, NULL, 'Docente de la Escuela Profesional de Administración');

-- --------------------------------------------------------

--
-- Estructura de tabla para la tabla `microfiltro`
--

CREATE TABLE `microfiltro` (
  `Id` int(11) NOT NULL,
  `IdUsuario` int(11) NOT NULL,
  `IdIdea` int(11) NOT NULL,
  `Criterio1` int(11) NOT NULL,
  `Criterio2` int(11) NOT NULL,
  `Criterio3` int(11) NOT NULL,
  `Criterio4` int(11) NOT NULL,
  `Criterio5` int(11) NOT NULL,
  `Criterio6` int(11) NOT NULL,
  `Criterio7` int(11) NOT NULL,
  `Criterio8` int(11) NOT NULL,
  `Criterio9` int(11) NOT NULL,
  `Criterio10` int(11) NOT NULL,
  `PuntajeMicro` int(11) NOT NULL
) ENGINE=InnoDB DEFAULT CHARSET=utf8mb4;

--
-- Volcado de datos para la tabla `microfiltro`
--

INSERT INTO `microfiltro` (`Id`, `IdUsuario`, `IdIdea`, `Criterio1`, `Criterio2`, `Criterio3`, `Criterio4`, `Criterio5`, `Criterio6`, `Criterio7`, `Criterio8`, `Criterio9`, `Criterio10`, `PuntajeMicro`) VALUES
(1, 3, 10, 5, 5, 5, 5, 5, 3, 5, 5, 3, 5, 46),
(2, 3, 5, 5, 5, 5, 5, 1, 5, 5, 5, 5, 5, 46),
(3, 3, 11, 5, 3, 5, 5, 5, 5, 5, 3, 5, 3, 44),
(4, 3, 9, 5, 5, 5, 5, 1, 5, 1, 5, 5, 5, 42),
(5, 3, 13, 5, 3, 5, 3, 3, 1, 5, 1, 1, 1, 28),
(6, 3, 14, 1, 3, 5, 3, 5, 3, 5, 5, 3, 5, 38),
(7, 3, 15, 5, 5, 1, 1, 5, 5, 3, 3, 3, 1, 32),
(8, 39, 20, 3, 5, 5, 3, 1, 5, 1, 3, 5, 5, 36),
(9, 39, 18, 5, 3, 3, 1, 5, 5, 1, 3, 5, 1, 32),
(10, 39, 16, 1, 5, 1, 3, 3, 5, 1, 5, 3, 5, 32),
(11, 39, 17, 5, 3, 5, 5, 1, 3, 3, 5, 5, 1, 36),
(12, 45, 22, 5, 3, 5, 5, 3, 3, 3, 5, 5, 1, 38),
(13, 45, 24, 5, 5, 3, 3, 3, 5, 3, 1, 5, 3, 36),
(14, 45, 25, 5, 5, 1, 5, 1, 1, 5, 3, 5, 5, 36),
(15, 45, 21, 1, 1, 5, 3, 5, 5, 5, 3, 3, 1, 32);

-- --------------------------------------------------------

--
-- Estructura de tabla para la tabla `paises`
--

CREATE TABLE `paises` (
  `id` int(11) NOT NULL,
  `iso` char(2) DEFAULT NULL,
  `nombre` varchar(80) DEFAULT NULL
) ENGINE=InnoDB DEFAULT CHARSET=latin1;

--
-- Volcado de datos para la tabla `paises`
--

INSERT INTO `paises` (`id`, `iso`, `nombre`) VALUES
(1, 'AF', 'Afganistán'),
(2, 'AX', 'Islas Gland'),
(3, 'AL', 'Albania'),
(4, 'DE', 'Alemania'),
(5, 'AD', 'Andorra'),
(6, 'AO', 'Angola'),
(7, 'AI', 'Anguilla'),
(8, 'AQ', 'Antártida'),
(9, 'AG', 'Antigua y Barbuda'),
(10, 'AN', 'Antillas Holandesas'),
(11, 'SA', 'Arabia Saudí'),
(12, 'DZ', 'Argelia'),
(13, 'AR', 'Argentina'),
(14, 'AM', 'Armenia'),
(15, 'AW', 'Aruba'),
(16, 'AU', 'Australia'),
(17, 'AT', 'Austria'),
(18, 'AZ', 'Azerbaiyán'),
(19, 'BS', 'Bahamas'),
(20, 'BH', 'Bahréin'),
(21, 'BD', 'Bangladesh'),
(22, 'BB', 'Barbados'),
(23, 'BY', 'Bielorrusia'),
(24, 'BE', 'Bélgica'),
(25, 'BZ', 'Belice'),
(26, 'BJ', 'Benin'),
(27, 'BM', 'Bermudas'),
(28, 'BT', 'Bhután'),
(29, 'BO', 'Bolivia'),
(30, 'BA', 'Bosnia y Herzegovina'),
(31, 'BW', 'Botsuana'),
(32, 'BV', 'Isla Bouvet'),
(33, 'BR', 'Brasil'),
(34, 'BN', 'Brunéi'),
(35, 'BG', 'Bulgaria'),
(36, 'BF', 'Burkina Faso'),
(37, 'BI', 'Burundi'),
(38, 'CV', 'Cabo Verde'),
(39, 'KY', 'Islas Caimán'),
(40, 'KH', 'Camboya'),
(41, 'CM', 'Camerún'),
(42, 'CA', 'Canadá'),
(43, 'CF', 'República Centroafricana'),
(44, 'TD', 'Chad'),
(45, 'CZ', 'República Checa'),
(46, 'CL', 'Chile'),
(47, 'CN', 'China'),
(48, 'CY', 'Chipre'),
(49, 'CX', 'Isla de Navidad'),
(50, 'VA', 'Ciudad del Vaticano'),
(51, 'CC', 'Islas Cocos'),
(52, 'CO', 'Colombia'),
(53, 'KM', 'Comoras'),
(54, 'CD', 'República Democrática del Congo'),
(55, 'CG', 'Congo'),
(56, 'CK', 'Islas Cook'),
(57, 'KP', 'Corea del Norte'),
(58, 'KR', 'Corea del Sur'),
(59, 'CI', 'Costa de Marfil'),
(60, 'CR', 'Costa Rica'),
(61, 'HR', 'Croacia'),
(62, 'CU', 'Cuba'),
(63, 'DK', 'Dinamarca'),
(64, 'DM', 'Dominica'),
(65, 'DO', 'República Dominicana'),
(66, 'EC', 'Ecuador'),
(67, 'EG', 'Egipto'),
(68, 'SV', 'El Salvador'),
(69, 'AE', 'Emiratos Árabes Unidos'),
(70, 'ER', 'Eritrea'),
(71, 'SK', 'Eslovaquia'),
(72, 'SI', 'Eslovenia'),
(73, 'ES', 'España'),
(74, 'UM', 'Islas ultramarinas de Estados Unidos'),
(75, 'US', 'Estados Unidos'),
(76, 'EE', 'Estonia'),
(77, 'ET', 'Etiopía'),
(78, 'FO', 'Islas Feroe'),
(79, 'PH', 'Filipinas'),
(80, 'FI', 'Finlandia'),
(81, 'FJ', 'Fiyi'),
(82, 'FR', 'Francia'),
(83, 'GA', 'Gabón'),
(84, 'GM', 'Gambia'),
(85, 'GE', 'Georgia'),
(86, 'GS', 'Islas Georgias del Sur y Sandwich del Sur'),
(87, 'GH', 'Ghana'),
(88, 'GI', 'Gibraltar'),
(89, 'GD', 'Granada'),
(90, 'GR', 'Grecia'),
(91, 'GL', 'Groenlandia'),
(92, 'GP', 'Guadalupe'),
(93, 'GU', 'Guam'),
(94, 'GT', 'Guatemala'),
(95, 'GF', 'Guayana Francesa'),
(96, 'GN', 'Guinea'),
(97, 'GQ', 'Guinea Ecuatorial'),
(98, 'GW', 'Guinea-Bissau'),
(99, 'GY', 'Guyana'),
(100, 'HT', 'Haití'),
(101, 'HM', 'Islas Heard y McDonald'),
(102, 'HN', 'Honduras'),
(103, 'HK', 'Hong Kong'),
(104, 'HU', 'Hungría'),
(105, 'IN', 'India'),
(106, 'ID', 'Indonesia'),
(107, 'IR', 'Irán'),
(108, 'IQ', 'Iraq'),
(109, 'IE', 'Irlanda'),
(110, 'IS', 'Islandia'),
(111, 'IL', 'Israel'),
(112, 'IT', 'Italia'),
(113, 'JM', 'Jamaica'),
(114, 'JP', 'Japón'),
(115, 'JO', 'Jordania'),
(116, 'KZ', 'Kazajstán'),
(117, 'KE', 'Kenia'),
(118, 'KG', 'Kirguistán'),
(119, 'KI', 'Kiribati'),
(120, 'KW', 'Kuwait'),
(121, 'LA', 'Laos'),
(122, 'LS', 'Lesotho'),
(123, 'LV', 'Letonia'),
(124, 'LB', 'Líbano'),
(125, 'LR', 'Liberia'),
(126, 'LY', 'Libia'),
(127, 'LI', 'Liechtenstein'),
(128, 'LT', 'Lituania'),
(129, 'LU', 'Luxemburgo'),
(130, 'MO', 'Macao'),
(131, 'MK', 'ARY Macedonia'),
(132, 'MG', 'Madagascar'),
(133, 'MY', 'Malasia'),
(134, 'MW', 'Malawi'),
(135, 'MV', 'Maldivas'),
(136, 'ML', 'Malí'),
(137, 'MT', 'Malta'),
(138, 'FK', 'Islas Malvinas'),
(139, 'MP', 'Islas Marianas del Norte'),
(140, 'MA', 'Marruecos'),
(141, 'MH', 'Islas Marshall'),
(142, 'MQ', 'Martinica'),
(143, 'MU', 'Mauricio'),
(144, 'MR', 'Mauritania'),
(145, 'YT', 'Mayotte'),
(146, 'MX', 'México'),
(147, 'FM', 'Micronesia'),
(148, 'MD', 'Moldavia'),
(149, 'MC', 'Mónaco'),
(150, 'MN', 'Mongolia'),
(151, 'MS', 'Montserrat'),
(152, 'MZ', 'Mozambique'),
(153, 'MM', 'Myanmar'),
(154, 'NA', 'Namibia'),
(155, 'NR', 'Nauru'),
(156, 'NP', 'Nepal'),
(157, 'NI', 'Nicaragua'),
(158, 'NE', 'Níger'),
(159, 'NG', 'Nigeria'),
(160, 'NU', 'Niue'),
(161, 'NF', 'Isla Norfolk'),
(162, 'NO', 'Noruega'),
(163, 'NC', 'Nueva Caledonia'),
(164, 'NZ', 'Nueva Zelanda'),
(165, 'OM', 'Omán'),
(166, 'NL', 'Países Bajos'),
(167, 'PK', 'Pakistán'),
(168, 'PW', 'Palau'),
(169, 'PS', 'Palestina'),
(170, 'PA', 'Panamá'),
(171, 'PG', 'Papúa Nueva Guinea'),
(172, 'PY', 'Paraguay'),
(173, 'PE', 'Perú'),
(174, 'PN', 'Islas Pitcairn'),
(175, 'PF', 'Polinesia Francesa'),
(176, 'PL', 'Polonia'),
(177, 'PT', 'Portugal'),
(178, 'PR', 'Puerto Rico'),
(179, 'QA', 'Qatar'),
(180, 'GB', 'Reino Unido'),
(181, 'RE', 'Reunión'),
(182, 'RW', 'Ruanda'),
(183, 'RO', 'Rumania'),
(184, 'RU', 'Rusia'),
(185, 'EH', 'Sahara Occidental'),
(186, 'SB', 'Islas Salomón'),
(187, 'WS', 'Samoa'),
(188, 'AS', 'Samoa Americana'),
(189, 'KN', 'San Cristóbal y Nevis'),
(190, 'SM', 'San Marino'),
(191, 'PM', 'San Pedro y Miquelón'),
(192, 'VC', 'San Vicente y las Granadinas'),
(193, 'SH', 'Santa Helena'),
(194, 'LC', 'Santa Lucía'),
(195, 'ST', 'Santo Tomé y Príncipe'),
(196, 'SN', 'Senegal'),
(197, 'CS', 'Serbia y Montenegro'),
(198, 'SC', 'Seychelles'),
(199, 'SL', 'Sierra Leona'),
(200, 'SG', 'Singapur'),
(201, 'SY', 'Siria'),
(202, 'SO', 'Somalia'),
(203, 'LK', 'Sri Lanka'),
(204, 'SZ', 'Suazilandia'),
(205, 'ZA', 'Sudáfrica'),
(206, 'SD', 'Sudán'),
(207, 'SE', 'Suecia'),
(208, 'CH', 'Suiza'),
(209, 'SR', 'Surinam'),
(210, 'SJ', 'Svalbard y Jan Mayen'),
(211, 'TH', 'Tailandia'),
(212, 'TW', 'Taiwán'),
(213, 'TZ', 'Tanzania'),
(214, 'TJ', 'Tayikistán'),
(215, 'IO', 'Territorio Británico del Océano Índico'),
(216, 'TF', 'Territorios Australes Franceses'),
(217, 'TL', 'Timor Oriental'),
(218, 'TG', 'Togo'),
(219, 'TK', 'Tokelau'),
(220, 'TO', 'Tonga'),
(221, 'TT', 'Trinidad y Tobago'),
(222, 'TN', 'Túnez'),
(223, 'TC', 'Islas Turcas y Caicos'),
(224, 'TM', 'Turkmenistán'),
(225, 'TR', 'Turquía'),
(226, 'TV', 'Tuvalu'),
(227, 'UA', 'Ucrania'),
(228, 'UG', 'Uganda'),
(229, 'UY', 'Uruguay'),
(230, 'UZ', 'Uzbekistán'),
(231, 'VU', 'Vanuatu'),
(232, 'VE', 'Venezuela'),
(233, 'VN', 'Vietnam'),
(234, 'VG', 'Islas Vírgenes Británicas'),
(235, 'VI', 'Islas Vírgenes de los Estados Unidos'),
(236, 'WF', 'Wallis y Futuna'),
(237, 'YE', 'Yemen'),
(238, 'DJ', 'Yibuti'),
(239, 'ZM', 'Zambia'),
(240, 'ZW', 'Zimbabue');

-- --------------------------------------------------------

--
-- Estructura de tabla para la tabla `suscripciones`
--

CREATE TABLE `suscripciones` (
  `Id` int(11) NOT NULL,
  `Email` varchar(200) NOT NULL
) ENGINE=InnoDB DEFAULT CHARSET=utf8mb4;

--
-- Volcado de datos para la tabla `suscripciones`
--

INSERT INTO `suscripciones` (`Id`, `Email`) VALUES
(1, 'zhildeer.compras@gmail.com'),
(2, 'asasasasa@gmail.com'),
(3, 'asasasasa@gmail.com'),
(4, 'asasasasa@gmail.com'),
(5, 'benitoperez@gmail.com'),
(6, 'juana.lom12@gmail.com'),
(7, 'celeste.huertas@gmail.com'),
(8, 'asasasasa@gmail.com'),
(9, 'zhildeercf@outlook.com'),
(10, 'done@gmail.com'),
(11, 'asasasasa@gmail.com'),
(12, 'lyonsis@gmail.com'),
(13, 'probando@gmail.com');

-- --------------------------------------------------------

--
-- Estructura de tabla para la tabla `tblpreguntas`
--

CREATE TABLE `tblpreguntas` (
  `Id` int(11) NOT NULL,
  `Pregunta` varchar(100) NOT NULL
) ENGINE=InnoDB DEFAULT CHARSET=latin1;

--
-- Volcado de datos para la tabla `tblpreguntas`
--

INSERT INTO `tblpreguntas` (`Id`, `Pregunta`) VALUES
(1, '¿Crees que eres una persona adaptable a los cambios?'),
(2, '¿Tiendes a ser una persona intuitiva?'),
(3, '¿Disfrutas descubriendo cosas nuevas para hacer no muy comunes?'),
(4, '¿Sientes tu espíritu aventurero?'),
(5, '¿Tienes confianza en tus posibilidades y capacidades?'),
(6, 'Si existe algo que “no hay manera de hacer”, ¿encuentro esa manera?'),
(7, '¿Mantengo los compromisos?'),
(8, '¿Es importante para ti disponer de autonomía en el trabajo?'),
(9, '¿Te gusta tomar la iniciativa?'),
(10, '¿Te gusta la responsabilidad?'),
(11, '¿Eres reticente a solicitar ayuda?'),
(12, '¿Tienes facilidad de comunicación?'),
(13, '¿Trabajas todo lo que haga falta para acabar los proyectos?'),
(14, '¿Te consideras una persona creativa?'),
(15, '¿Si tienes que hacer algo, lo haces aunque no le resulte agradable?'),
(16, '¿Afrontas los problemas con optimismo?'),
(17, '¿Tienes claros los objetivos en tu cabeza cuando quieres algo?'),
(18, '¿Tomas la iniciativa ante situaciones complejas nuevas?'),
(19, '¿Tienes predisposición para asumir riesgos?'),
(20, '¿Analizas tus errores para aprender de ellos?'),
(21, '¿Es fácil para ti encontrar múltiples decisiones a un mismo problema?'),
(22, '¿Tomas notas escritas sobre tus proyectos?'),
(23, '¿Consideras retos los problemas?'),
(24, '¿Arriesgarías   recursos   propios   si   pusieras   en   marcha   un   proyecto   empresarial?'),
(25, '¿Te resultaría fácil asignar tareas a los demás?'),
(26, '¿Escuchas a aquellos que te plantean nuevas ideas?'),
(27, '¿Sabes trabajar en equipo?'),
(28, '¿Sabes administrar tus recursos económicos?'),
(29, '¿Tienes facilidad para negociar con éxito?'),
(30, '¿Planificas  de  forma  rigurosa  acciones  concretas  para  el  desarrollo  de  un  trabajo o un pr'),
(31, '¿Crees que las personas que se arriesgan tienen más probabilidades de salir adelante que las que no '),
(32, '¿Estarías  dispuesto/a  a  hacer  frente  al  fracaso  con  tal  de  ampliar  tus  horizontes?'),
(33, '¿Sacrificarías tu tiempo libre si el trabajo lo demanda?'),
(34, '¿Te planteas los temas con visión de futuro?'),
(35, '¿Sueles cumplir los plazos que te fijas para realizar un trabajo?'),
(36, '¿Sientes motivación por conseguir objetivos?'),
(37, '¿Crees en tus posibilidades?'),
(38, '¿Te gustan los riesgos?'),
(39, '¿Te  consideras  profesionalmente  bueno  o  buena  en  aquello  que  sabes  hacer?'),
(40, '¿Eres persona decidida y determinante a la hora de conseguir tus objetivos?');

-- --------------------------------------------------------

--
-- Estructura de tabla para la tabla `tbltest1`
--

CREATE TABLE `tbltest1` (
  `IdUsuario` int(11) NOT NULL,
  `IdPregunta` int(11) NOT NULL,
  `Respuesta` int(11) NOT NULL
) ENGINE=InnoDB DEFAULT CHARSET=utf8mb4;

--
-- Volcado de datos para la tabla `tbltest1`
--

INSERT INTO `tbltest1` (`IdUsuario`, `IdPregunta`, `Respuesta`) VALUES
(3, 1, 5),
(3, 2, 5),
(3, 3, 5),
(3, 4, 5),
(3, 5, 5),
(3, 6, 5),
(3, 7, 5),
(3, 8, 5),
(3, 9, 5),
(3, 10, 5),
(3, 11, 5),
(3, 12, 5),
(3, 13, 5),
(3, 14, 5),
(3, 15, 5),
(3, 16, 5),
(3, 17, 5),
(3, 18, 5),
(3, 19, 5),
(3, 20, 5),
(3, 21, 5),
(3, 22, 5),
(3, 23, 5),
(3, 24, 5),
(3, 25, 4),
(3, 26, 5),
(3, 27, 5),
(3, 28, 5),
(3, 29, 5),
(3, 30, 5),
(3, 31, 5),
(3, 32, 5),
(3, 33, 5),
(3, 34, 2),
(3, 35, 2),
(3, 36, 3),
(3, 37, 5),
(3, 38, 5),
(3, 39, 5),
(3, 40, 5);

-- --------------------------------------------------------

--
-- Estructura de tabla para la tabla `test_1`
--

CREATE TABLE `test_1` (
  `Id` int(11) NOT NULL,
  `Id_usuario` int(11) NOT NULL,
  `P1` char(1) NOT NULL,
  `P2` char(1) NOT NULL,
  `P3` char(1) NOT NULL,
  `P4` char(1) NOT NULL,
  `P5` char(1) NOT NULL,
  `P6` char(1) NOT NULL,
  `P7` char(1) NOT NULL,
  `P8` char(1) NOT NULL,
  `P9` char(1) NOT NULL,
  `P10` char(1) NOT NULL,
  `P11` char(1) NOT NULL,
  `P12` char(1) NOT NULL,
  `P13` char(1) NOT NULL,
  `P14` char(1) NOT NULL,
  `P15` char(1) NOT NULL,
  `P16` char(1) NOT NULL,
  `P17` char(1) NOT NULL,
  `P18` char(1) NOT NULL,
  `P19` char(1) NOT NULL,
  `P20` char(1) NOT NULL,
  `P21` char(1) NOT NULL,
  `P22` char(1) NOT NULL,
  `P23` char(1) NOT NULL,
  `P24` char(1) NOT NULL,
  `P25` char(1) NOT NULL,
  `P26` char(1) NOT NULL,
  `P27` char(1) NOT NULL,
  `P28` char(1) NOT NULL,
  `P29` char(1) NOT NULL,
  `P30` char(1) NOT NULL,
  `P31` char(1) NOT NULL,
  `P32` char(1) NOT NULL,
  `P33` char(1) NOT NULL,
  `P34` char(1) NOT NULL,
  `P35` char(1) NOT NULL,
  `P36` char(1) NOT NULL,
  `P37` char(1) NOT NULL,
  `P38` char(1) NOT NULL,
  `P39` char(1) NOT NULL,
  `P40` char(1) NOT NULL
) ENGINE=InnoDB DEFAULT CHARSET=latin1;

-- --------------------------------------------------------

--
-- Estructura de tabla para la tabla `ubigeo_peru_departments`
--

CREATE TABLE `ubigeo_peru_departments` (
  `id` varchar(2) NOT NULL,
  `name` varchar(45) NOT NULL
) ENGINE=InnoDB DEFAULT CHARSET=utf8;

--
-- Volcado de datos para la tabla `ubigeo_peru_departments`
--

INSERT INTO `ubigeo_peru_departments` (`id`, `name`) VALUES
('01', 'Amazonas'),
('02', 'Áncash'),
('03', 'Apurímac'),
('04', 'Arequipa'),
('05', 'Ayacucho'),
('06', 'Cajamarca'),
('07', 'Callao'),
('08', 'Cusco'),
('09', 'Huancavelica'),
('10', 'Huánuco'),
('11', 'Ica'),
('12', 'Junín'),
('13', 'La Libertad'),
('14', 'Lambayeque'),
('15', 'Lima'),
('16', 'Loreto'),
('17', 'Madre de Dios'),
('18', 'Moquegua'),
('19', 'Pasco'),
('20', 'Piura'),
('21', 'Puno'),
('22', 'San Martín'),
('23', 'Tacna'),
('24', 'Tumbes'),
('25', 'Ucayali');

-- --------------------------------------------------------

--
-- Estructura de tabla para la tabla `ubigeo_peru_districts`
--

CREATE TABLE `ubigeo_peru_districts` (
  `id` varchar(6) NOT NULL,
  `name` varchar(45) DEFAULT NULL,
  `province_id` varchar(4) DEFAULT NULL,
  `department_id` varchar(2) DEFAULT NULL
) ENGINE=InnoDB DEFAULT CHARSET=utf8;

--
-- Volcado de datos para la tabla `ubigeo_peru_districts`
--

INSERT INTO `ubigeo_peru_districts` (`id`, `name`, `province_id`, `department_id`) VALUES
('010101', 'Chachapoyas', '0101', '01'),
('010102', 'Asunción', '0101', '01'),
('010103', 'Balsas', '0101', '01'),
('010104', 'Cheto', '0101', '01'),
('010105', 'Chiliquin', '0101', '01'),
('010106', 'Chuquibamba', '0101', '01'),
('010107', 'Granada', '0101', '01'),
('010108', 'Huancas', '0101', '01'),
('010109', 'La Jalca', '0101', '01'),
('010110', 'Leimebamba', '0101', '01'),
('010111', 'Levanto', '0101', '01'),
('010112', 'Magdalena', '0101', '01'),
('010113', 'Mariscal Castilla', '0101', '01'),
('010114', 'Molinopampa', '0101', '01'),
('010115', 'Montevideo', '0101', '01'),
('010116', 'Olleros', '0101', '01'),
('010117', 'Quinjalca', '0101', '01'),
('010118', 'San Francisco de Daguas', '0101', '01'),
('010119', 'San Isidro de Maino', '0101', '01'),
('010120', 'Soloco', '0101', '01'),
('010121', 'Sonche', '0101', '01'),
('010201', 'Bagua', '0102', '01'),
('010202', 'Aramango', '0102', '01'),
('010203', 'Copallin', '0102', '01'),
('010204', 'El Parco', '0102', '01'),
('010205', 'Imaza', '0102', '01'),
('010206', 'La Peca', '0102', '01'),
('010301', 'Jumbilla', '0103', '01'),
('010302', 'Chisquilla', '0103', '01'),
('010303', 'Churuja', '0103', '01'),
('010304', 'Corosha', '0103', '01'),
('010305', 'Cuispes', '0103', '01'),
('010306', 'Florida', '0103', '01'),
('010307', 'Jazan', '0103', '01'),
('010308', 'Recta', '0103', '01'),
('010309', 'San Carlos', '0103', '01'),
('010310', 'Shipasbamba', '0103', '01'),
('010311', 'Valera', '0103', '01'),
('010312', 'Yambrasbamba', '0103', '01'),
('010401', 'Nieva', '0104', '01'),
('010402', 'El Cenepa', '0104', '01'),
('010403', 'Río Santiago', '0104', '01'),
('010501', 'Lamud', '0105', '01'),
('010502', 'Camporredondo', '0105', '01'),
('010503', 'Cocabamba', '0105', '01'),
('010504', 'Colcamar', '0105', '01'),
('010505', 'Conila', '0105', '01'),
('010506', 'Inguilpata', '0105', '01'),
('010507', 'Longuita', '0105', '01'),
('010508', 'Lonya Chico', '0105', '01'),
('010509', 'Luya', '0105', '01'),
('010510', 'Luya Viejo', '0105', '01'),
('010511', 'María', '0105', '01'),
('010512', 'Ocalli', '0105', '01'),
('010513', 'Ocumal', '0105', '01'),
('010514', 'Pisuquia', '0105', '01'),
('010515', 'Providencia', '0105', '01'),
('010516', 'San Cristóbal', '0105', '01'),
('010517', 'San Francisco de Yeso', '0105', '01'),
('010518', 'San Jerónimo', '0105', '01'),
('010519', 'San Juan de Lopecancha', '0105', '01'),
('010520', 'Santa Catalina', '0105', '01'),
('010521', 'Santo Tomas', '0105', '01'),
('010522', 'Tingo', '0105', '01'),
('010523', 'Trita', '0105', '01'),
('010601', 'San Nicolás', '0106', '01'),
('010602', 'Chirimoto', '0106', '01'),
('010603', 'Cochamal', '0106', '01'),
('010604', 'Huambo', '0106', '01'),
('010605', 'Limabamba', '0106', '01'),
('010606', 'Longar', '0106', '01'),
('010607', 'Mariscal Benavides', '0106', '01'),
('010608', 'Milpuc', '0106', '01'),
('010609', 'Omia', '0106', '01'),
('010610', 'Santa Rosa', '0106', '01'),
('010611', 'Totora', '0106', '01'),
('010612', 'Vista Alegre', '0106', '01'),
('010701', 'Bagua Grande', '0107', '01'),
('010702', 'Cajaruro', '0107', '01'),
('010703', 'Cumba', '0107', '01'),
('010704', 'El Milagro', '0107', '01'),
('010705', 'Jamalca', '0107', '01'),
('010706', 'Lonya Grande', '0107', '01'),
('010707', 'Yamon', '0107', '01'),
('020101', 'Huaraz', '0201', '02'),
('020102', 'Cochabamba', '0201', '02'),
('020103', 'Colcabamba', '0201', '02'),
('020104', 'Huanchay', '0201', '02'),
('020105', 'Independencia', '0201', '02'),
('020106', 'Jangas', '0201', '02'),
('020107', 'La Libertad', '0201', '02'),
('020108', 'Olleros', '0201', '02'),
('020109', 'Pampas Grande', '0201', '02'),
('020110', 'Pariacoto', '0201', '02'),
('020111', 'Pira', '0201', '02'),
('020112', 'Tarica', '0201', '02'),
('020201', 'Aija', '0202', '02'),
('020202', 'Coris', '0202', '02'),
('020203', 'Huacllan', '0202', '02'),
('020204', 'La Merced', '0202', '02'),
('020205', 'Succha', '0202', '02'),
('020301', 'Llamellin', '0203', '02'),
('020302', 'Aczo', '0203', '02'),
('020303', 'Chaccho', '0203', '02'),
('020304', 'Chingas', '0203', '02'),
('020305', 'Mirgas', '0203', '02'),
('020306', 'San Juan de Rontoy', '0203', '02'),
('020401', 'Chacas', '0204', '02'),
('020402', 'Acochaca', '0204', '02'),
('020501', 'Chiquian', '0205', '02'),
('020502', 'Abelardo Pardo Lezameta', '0205', '02'),
('020503', 'Antonio Raymondi', '0205', '02'),
('020504', 'Aquia', '0205', '02'),
('020505', 'Cajacay', '0205', '02'),
('020506', 'Canis', '0205', '02'),
('020507', 'Colquioc', '0205', '02'),
('020508', 'Huallanca', '0205', '02'),
('020509', 'Huasta', '0205', '02'),
('020510', 'Huayllacayan', '0205', '02'),
('020511', 'La Primavera', '0205', '02'),
('020512', 'Mangas', '0205', '02'),
('020513', 'Pacllon', '0205', '02'),
('020514', 'San Miguel de Corpanqui', '0205', '02'),
('020515', 'Ticllos', '0205', '02'),
('020601', 'Carhuaz', '0206', '02'),
('020602', 'Acopampa', '0206', '02'),
('020603', 'Amashca', '0206', '02'),
('020604', 'Anta', '0206', '02'),
('020605', 'Ataquero', '0206', '02'),
('020606', 'Marcara', '0206', '02'),
('020607', 'Pariahuanca', '0206', '02'),
('020608', 'San Miguel de Aco', '0206', '02'),
('020609', 'Shilla', '0206', '02'),
('020610', 'Tinco', '0206', '02'),
('020611', 'Yungar', '0206', '02'),
('020701', 'San Luis', '0207', '02'),
('020702', 'San Nicolás', '0207', '02'),
('020703', 'Yauya', '0207', '02'),
('020801', 'Casma', '0208', '02'),
('020802', 'Buena Vista Alta', '0208', '02'),
('020803', 'Comandante Noel', '0208', '02'),
('020804', 'Yautan', '0208', '02'),
('020901', 'Corongo', '0209', '02'),
('020902', 'Aco', '0209', '02'),
('020903', 'Bambas', '0209', '02'),
('020904', 'Cusca', '0209', '02'),
('020905', 'La Pampa', '0209', '02'),
('020906', 'Yanac', '0209', '02'),
('020907', 'Yupan', '0209', '02'),
('021001', 'Huari', '0210', '02'),
('021002', 'Anra', '0210', '02'),
('021003', 'Cajay', '0210', '02'),
('021004', 'Chavin de Huantar', '0210', '02'),
('021005', 'Huacachi', '0210', '02'),
('021006', 'Huacchis', '0210', '02'),
('021007', 'Huachis', '0210', '02'),
('021008', 'Huantar', '0210', '02'),
('021009', 'Masin', '0210', '02'),
('021010', 'Paucas', '0210', '02'),
('021011', 'Ponto', '0210', '02'),
('021012', 'Rahuapampa', '0210', '02'),
('021013', 'Rapayan', '0210', '02'),
('021014', 'San Marcos', '0210', '02'),
('021015', 'San Pedro de Chana', '0210', '02'),
('021016', 'Uco', '0210', '02'),
('021101', 'Huarmey', '0211', '02'),
('021102', 'Cochapeti', '0211', '02'),
('021103', 'Culebras', '0211', '02'),
('021104', 'Huayan', '0211', '02'),
('021105', 'Malvas', '0211', '02'),
('021201', 'Caraz', '0212', '02'),
('021202', 'Huallanca', '0212', '02'),
('021203', 'Huata', '0212', '02'),
('021204', 'Huaylas', '0212', '02'),
('021205', 'Mato', '0212', '02'),
('021206', 'Pamparomas', '0212', '02'),
('021207', 'Pueblo Libre', '0212', '02'),
('021208', 'Santa Cruz', '0212', '02'),
('021209', 'Santo Toribio', '0212', '02'),
('021210', 'Yuracmarca', '0212', '02'),
('021301', 'Piscobamba', '0213', '02'),
('021302', 'Casca', '0213', '02'),
('021303', 'Eleazar Guzmán Barron', '0213', '02'),
('021304', 'Fidel Olivas Escudero', '0213', '02'),
('021305', 'Llama', '0213', '02'),
('021306', 'Llumpa', '0213', '02'),
('021307', 'Lucma', '0213', '02'),
('021308', 'Musga', '0213', '02'),
('021401', 'Ocros', '0214', '02'),
('021402', 'Acas', '0214', '02'),
('021403', 'Cajamarquilla', '0214', '02'),
('021404', 'Carhuapampa', '0214', '02'),
('021405', 'Cochas', '0214', '02'),
('021406', 'Congas', '0214', '02'),
('021407', 'Llipa', '0214', '02'),
('021408', 'San Cristóbal de Rajan', '0214', '02'),
('021409', 'San Pedro', '0214', '02'),
('021410', 'Santiago de Chilcas', '0214', '02'),
('021501', 'Cabana', '0215', '02'),
('021502', 'Bolognesi', '0215', '02'),
('021503', 'Conchucos', '0215', '02'),
('021504', 'Huacaschuque', '0215', '02'),
('021505', 'Huandoval', '0215', '02'),
('021506', 'Lacabamba', '0215', '02'),
('021507', 'Llapo', '0215', '02'),
('021508', 'Pallasca', '0215', '02'),
('021509', 'Pampas', '0215', '02'),
('021510', 'Santa Rosa', '0215', '02'),
('021511', 'Tauca', '0215', '02'),
('021601', 'Pomabamba', '0216', '02'),
('021602', 'Huayllan', '0216', '02'),
('021603', 'Parobamba', '0216', '02'),
('021604', 'Quinuabamba', '0216', '02'),
('021701', 'Recuay', '0217', '02'),
('021702', 'Catac', '0217', '02'),
('021703', 'Cotaparaco', '0217', '02'),
('021704', 'Huayllapampa', '0217', '02'),
('021705', 'Llacllin', '0217', '02'),
('021706', 'Marca', '0217', '02'),
('021707', 'Pampas Chico', '0217', '02'),
('021708', 'Pararin', '0217', '02'),
('021709', 'Tapacocha', '0217', '02'),
('021710', 'Ticapampa', '0217', '02'),
('021801', 'Chimbote', '0218', '02'),
('021802', 'Cáceres del Perú', '0218', '02'),
('021803', 'Coishco', '0218', '02'),
('021804', 'Macate', '0218', '02'),
('021805', 'Moro', '0218', '02'),
('021806', 'Nepeña', '0218', '02'),
('021807', 'Samanco', '0218', '02'),
('021808', 'Santa', '0218', '02'),
('021809', 'Nuevo Chimbote', '0218', '02'),
('021901', 'Sihuas', '0219', '02'),
('021902', 'Acobamba', '0219', '02'),
('021903', 'Alfonso Ugarte', '0219', '02'),
('021904', 'Cashapampa', '0219', '02'),
('021905', 'Chingalpo', '0219', '02'),
('021906', 'Huayllabamba', '0219', '02'),
('021907', 'Quiches', '0219', '02'),
('021908', 'Ragash', '0219', '02'),
('021909', 'San Juan', '0219', '02'),
('021910', 'Sicsibamba', '0219', '02'),
('022001', 'Yungay', '0220', '02'),
('022002', 'Cascapara', '0220', '02'),
('022003', 'Mancos', '0220', '02'),
('022004', 'Matacoto', '0220', '02'),
('022005', 'Quillo', '0220', '02'),
('022006', 'Ranrahirca', '0220', '02'),
('022007', 'Shupluy', '0220', '02'),
('022008', 'Yanama', '0220', '02'),
('030101', 'Abancay', '0301', '03'),
('030102', 'Chacoche', '0301', '03'),
('030103', 'Circa', '0301', '03'),
('030104', 'Curahuasi', '0301', '03'),
('030105', 'Huanipaca', '0301', '03'),
('030106', 'Lambrama', '0301', '03'),
('030107', 'Pichirhua', '0301', '03'),
('030108', 'San Pedro de Cachora', '0301', '03'),
('030109', 'Tamburco', '0301', '03'),
('030201', 'Andahuaylas', '0302', '03'),
('030202', 'Andarapa', '0302', '03'),
('030203', 'Chiara', '0302', '03'),
('030204', 'Huancarama', '0302', '03'),
('030205', 'Huancaray', '0302', '03'),
('030206', 'Huayana', '0302', '03'),
('030207', 'Kishuara', '0302', '03'),
('030208', 'Pacobamba', '0302', '03'),
('030209', 'Pacucha', '0302', '03'),
('030210', 'Pampachiri', '0302', '03'),
('030211', 'Pomacocha', '0302', '03'),
('030212', 'San Antonio de Cachi', '0302', '03'),
('030213', 'San Jerónimo', '0302', '03'),
('030214', 'San Miguel de Chaccrampa', '0302', '03'),
('030215', 'Santa María de Chicmo', '0302', '03'),
('030216', 'Talavera', '0302', '03'),
('030217', 'Tumay Huaraca', '0302', '03'),
('030218', 'Turpo', '0302', '03'),
('030219', 'Kaquiabamba', '0302', '03'),
('030220', 'José María Arguedas', '0302', '03'),
('030301', 'Antabamba', '0303', '03'),
('030302', 'El Oro', '0303', '03'),
('030303', 'Huaquirca', '0303', '03'),
('030304', 'Juan Espinoza Medrano', '0303', '03'),
('030305', 'Oropesa', '0303', '03'),
('030306', 'Pachaconas', '0303', '03'),
('030307', 'Sabaino', '0303', '03'),
('030401', 'Chalhuanca', '0304', '03'),
('030402', 'Capaya', '0304', '03'),
('030403', 'Caraybamba', '0304', '03'),
('030404', 'Chapimarca', '0304', '03'),
('030405', 'Colcabamba', '0304', '03'),
('030406', 'Cotaruse', '0304', '03'),
('030407', 'Ihuayllo', '0304', '03'),
('030408', 'Justo Apu Sahuaraura', '0304', '03'),
('030409', 'Lucre', '0304', '03'),
('030410', 'Pocohuanca', '0304', '03'),
('030411', 'San Juan de Chacña', '0304', '03'),
('030412', 'Sañayca', '0304', '03'),
('030413', 'Soraya', '0304', '03'),
('030414', 'Tapairihua', '0304', '03'),
('030415', 'Tintay', '0304', '03'),
('030416', 'Toraya', '0304', '03'),
('030417', 'Yanaca', '0304', '03'),
('030501', 'Tambobamba', '0305', '03'),
('030502', 'Cotabambas', '0305', '03'),
('030503', 'Coyllurqui', '0305', '03'),
('030504', 'Haquira', '0305', '03'),
('030505', 'Mara', '0305', '03'),
('030506', 'Challhuahuacho', '0305', '03'),
('030601', 'Chincheros', '0306', '03'),
('030602', 'Anco_Huallo', '0306', '03'),
('030603', 'Cocharcas', '0306', '03'),
('030604', 'Huaccana', '0306', '03'),
('030605', 'Ocobamba', '0306', '03'),
('030606', 'Ongoy', '0306', '03'),
('030607', 'Uranmarca', '0306', '03'),
('030608', 'Ranracancha', '0306', '03'),
('030609', 'Rocchacc', '0306', '03'),
('030610', 'El Porvenir', '0306', '03'),
('030611', 'Los Chankas', '0306', '03'),
('030701', 'Chuquibambilla', '0307', '03'),
('030702', 'Curpahuasi', '0307', '03'),
('030703', 'Gamarra', '0307', '03'),
('030704', 'Huayllati', '0307', '03'),
('030705', 'Mamara', '0307', '03'),
('030706', 'Micaela Bastidas', '0307', '03'),
('030707', 'Pataypampa', '0307', '03'),
('030708', 'Progreso', '0307', '03'),
('030709', 'San Antonio', '0307', '03'),
('030710', 'Santa Rosa', '0307', '03'),
('030711', 'Turpay', '0307', '03'),
('030712', 'Vilcabamba', '0307', '03'),
('030713', 'Virundo', '0307', '03'),
('030714', 'Curasco', '0307', '03'),
('040101', 'Arequipa', '0401', '04'),
('040102', 'Alto Selva Alegre', '0401', '04'),
('040103', 'Cayma', '0401', '04'),
('040104', 'Cerro Colorado', '0401', '04'),
('040105', 'Characato', '0401', '04'),
('040106', 'Chiguata', '0401', '04'),
('040107', 'Jacobo Hunter', '0401', '04'),
('040108', 'La Joya', '0401', '04'),
('040109', 'Mariano Melgar', '0401', '04'),
('040110', 'Miraflores', '0401', '04'),
('040111', 'Mollebaya', '0401', '04'),
('040112', 'Paucarpata', '0401', '04'),
('040113', 'Pocsi', '0401', '04'),
('040114', 'Polobaya', '0401', '04'),
('040115', 'Quequeña', '0401', '04'),
('040116', 'Sabandia', '0401', '04'),
('040117', 'Sachaca', '0401', '04'),
('040118', 'San Juan de Siguas', '0401', '04'),
('040119', 'San Juan de Tarucani', '0401', '04'),
('040120', 'Santa Isabel de Siguas', '0401', '04'),
('040121', 'Santa Rita de Siguas', '0401', '04'),
('040122', 'Socabaya', '0401', '04'),
('040123', 'Tiabaya', '0401', '04'),
('040124', 'Uchumayo', '0401', '04'),
('040125', 'Vitor', '0401', '04'),
('040126', 'Yanahuara', '0401', '04'),
('040127', 'Yarabamba', '0401', '04'),
('040128', 'Yura', '0401', '04'),
('040129', 'José Luis Bustamante Y Rivero', '0401', '04'),
('040201', 'Camaná', '0402', '04'),
('040202', 'José María Quimper', '0402', '04'),
('040203', 'Mariano Nicolás Valcárcel', '0402', '04'),
('040204', 'Mariscal Cáceres', '0402', '04'),
('040205', 'Nicolás de Pierola', '0402', '04'),
('040206', 'Ocoña', '0402', '04'),
('040207', 'Quilca', '0402', '04'),
('040208', 'Samuel Pastor', '0402', '04'),
('040301', 'Caravelí', '0403', '04'),
('040302', 'Acarí', '0403', '04'),
('040303', 'Atico', '0403', '04'),
('040304', 'Atiquipa', '0403', '04'),
('040305', 'Bella Unión', '0403', '04'),
('040306', 'Cahuacho', '0403', '04'),
('040307', 'Chala', '0403', '04'),
('040308', 'Chaparra', '0403', '04'),
('040309', 'Huanuhuanu', '0403', '04'),
('040310', 'Jaqui', '0403', '04'),
('040311', 'Lomas', '0403', '04'),
('040312', 'Quicacha', '0403', '04'),
('040313', 'Yauca', '0403', '04'),
('040401', 'Aplao', '0404', '04'),
('040402', 'Andagua', '0404', '04'),
('040403', 'Ayo', '0404', '04'),
('040404', 'Chachas', '0404', '04'),
('040405', 'Chilcaymarca', '0404', '04'),
('040406', 'Choco', '0404', '04'),
('040407', 'Huancarqui', '0404', '04'),
('040408', 'Machaguay', '0404', '04'),
('040409', 'Orcopampa', '0404', '04'),
('040410', 'Pampacolca', '0404', '04'),
('040411', 'Tipan', '0404', '04'),
('040412', 'Uñon', '0404', '04'),
('040413', 'Uraca', '0404', '04'),
('040414', 'Viraco', '0404', '04'),
('040501', 'Chivay', '0405', '04'),
('040502', 'Achoma', '0405', '04'),
('040503', 'Cabanaconde', '0405', '04'),
('040504', 'Callalli', '0405', '04'),
('040505', 'Caylloma', '0405', '04'),
('040506', 'Coporaque', '0405', '04'),
('040507', 'Huambo', '0405', '04'),
('040508', 'Huanca', '0405', '04'),
('040509', 'Ichupampa', '0405', '04'),
('040510', 'Lari', '0405', '04'),
('040511', 'Lluta', '0405', '04'),
('040512', 'Maca', '0405', '04'),
('040513', 'Madrigal', '0405', '04'),
('040514', 'San Antonio de Chuca', '0405', '04'),
('040515', 'Sibayo', '0405', '04'),
('040516', 'Tapay', '0405', '04'),
('040517', 'Tisco', '0405', '04'),
('040518', 'Tuti', '0405', '04'),
('040519', 'Yanque', '0405', '04'),
('040520', 'Majes', '0405', '04'),
('040601', 'Chuquibamba', '0406', '04'),
('040602', 'Andaray', '0406', '04'),
('040603', 'Cayarani', '0406', '04'),
('040604', 'Chichas', '0406', '04'),
('040605', 'Iray', '0406', '04'),
('040606', 'Río Grande', '0406', '04'),
('040607', 'Salamanca', '0406', '04'),
('040608', 'Yanaquihua', '0406', '04'),
('040701', 'Mollendo', '0407', '04'),
('040702', 'Cocachacra', '0407', '04'),
('040703', 'Dean Valdivia', '0407', '04'),
('040704', 'Islay', '0407', '04'),
('040705', 'Mejia', '0407', '04'),
('040706', 'Punta de Bombón', '0407', '04'),
('040801', 'Cotahuasi', '0408', '04'),
('040802', 'Alca', '0408', '04'),
('040803', 'Charcana', '0408', '04'),
('040804', 'Huaynacotas', '0408', '04'),
('040805', 'Pampamarca', '0408', '04'),
('040806', 'Puyca', '0408', '04'),
('040807', 'Quechualla', '0408', '04'),
('040808', 'Sayla', '0408', '04'),
('040809', 'Tauria', '0408', '04'),
('040810', 'Tomepampa', '0408', '04'),
('040811', 'Toro', '0408', '04'),
('050101', 'Ayacucho', '0501', '05'),
('050102', 'Acocro', '0501', '05'),
('050103', 'Acos Vinchos', '0501', '05'),
('050104', 'Carmen Alto', '0501', '05'),
('050105', 'Chiara', '0501', '05'),
('050106', 'Ocros', '0501', '05'),
('050107', 'Pacaycasa', '0501', '05'),
('050108', 'Quinua', '0501', '05'),
('050109', 'San José de Ticllas', '0501', '05'),
('050110', 'San Juan Bautista', '0501', '05'),
('050111', 'Santiago de Pischa', '0501', '05'),
('050112', 'Socos', '0501', '05'),
('050113', 'Tambillo', '0501', '05'),
('050114', 'Vinchos', '0501', '05'),
('050115', 'Jesús Nazareno', '0501', '05'),
('050116', 'Andrés Avelino Cáceres Dorregaray', '0501', '05'),
('050201', 'Cangallo', '0502', '05'),
('050202', 'Chuschi', '0502', '05'),
('050203', 'Los Morochucos', '0502', '05'),
('050204', 'María Parado de Bellido', '0502', '05'),
('050205', 'Paras', '0502', '05'),
('050206', 'Totos', '0502', '05'),
('050301', 'Sancos', '0503', '05'),
('050302', 'Carapo', '0503', '05'),
('050303', 'Sacsamarca', '0503', '05'),
('050304', 'Santiago de Lucanamarca', '0503', '05'),
('050401', 'Huanta', '0504', '05'),
('050402', 'Ayahuanco', '0504', '05'),
('050403', 'Huamanguilla', '0504', '05'),
('050404', 'Iguain', '0504', '05'),
('050405', 'Luricocha', '0504', '05'),
('050406', 'Santillana', '0504', '05'),
('050407', 'Sivia', '0504', '05'),
('050408', 'Llochegua', '0504', '05'),
('050409', 'Canayre', '0504', '05'),
('050410', 'Uchuraccay', '0504', '05'),
('050411', 'Pucacolpa', '0504', '05'),
('050412', 'Chaca', '0504', '05'),
('050501', 'San Miguel', '0505', '05'),
('050502', 'Anco', '0505', '05'),
('050503', 'Ayna', '0505', '05'),
('050504', 'Chilcas', '0505', '05'),
('050505', 'Chungui', '0505', '05'),
('050506', 'Luis Carranza', '0505', '05'),
('050507', 'Santa Rosa', '0505', '05'),
('050508', 'Tambo', '0505', '05'),
('050509', 'Samugari', '0505', '05'),
('050510', 'Anchihuay', '0505', '05'),
('050511', 'Oronccoy', '0505', '05'),
('050601', 'Puquio', '0506', '05'),
('050602', 'Aucara', '0506', '05'),
('050603', 'Cabana', '0506', '05'),
('050604', 'Carmen Salcedo', '0506', '05'),
('050605', 'Chaviña', '0506', '05'),
('050606', 'Chipao', '0506', '05'),
('050607', 'Huac-Huas', '0506', '05'),
('050608', 'Laramate', '0506', '05'),
('050609', 'Leoncio Prado', '0506', '05'),
('050610', 'Llauta', '0506', '05'),
('050611', 'Lucanas', '0506', '05'),
('050612', 'Ocaña', '0506', '05'),
('050613', 'Otoca', '0506', '05'),
('050614', 'Saisa', '0506', '05'),
('050615', 'San Cristóbal', '0506', '05'),
('050616', 'San Juan', '0506', '05'),
('050617', 'San Pedro', '0506', '05'),
('050618', 'San Pedro de Palco', '0506', '05'),
('050619', 'Sancos', '0506', '05'),
('050620', 'Santa Ana de Huaycahuacho', '0506', '05'),
('050621', 'Santa Lucia', '0506', '05'),
('050701', 'Coracora', '0507', '05'),
('050702', 'Chumpi', '0507', '05'),
('050703', 'Coronel Castañeda', '0507', '05'),
('050704', 'Pacapausa', '0507', '05'),
('050705', 'Pullo', '0507', '05'),
('050706', 'Puyusca', '0507', '05'),
('050707', 'San Francisco de Ravacayco', '0507', '05'),
('050708', 'Upahuacho', '0507', '05'),
('050801', 'Pausa', '0508', '05'),
('050802', 'Colta', '0508', '05'),
('050803', 'Corculla', '0508', '05'),
('050804', 'Lampa', '0508', '05'),
('050805', 'Marcabamba', '0508', '05'),
('050806', 'Oyolo', '0508', '05'),
('050807', 'Pararca', '0508', '05'),
('050808', 'San Javier de Alpabamba', '0508', '05'),
('050809', 'San José de Ushua', '0508', '05'),
('050810', 'Sara Sara', '0508', '05'),
('050901', 'Querobamba', '0509', '05'),
('050902', 'Belén', '0509', '05'),
('050903', 'Chalcos', '0509', '05'),
('050904', 'Chilcayoc', '0509', '05'),
('050905', 'Huacaña', '0509', '05'),
('050906', 'Morcolla', '0509', '05'),
('050907', 'Paico', '0509', '05'),
('050908', 'San Pedro de Larcay', '0509', '05'),
('050909', 'San Salvador de Quije', '0509', '05'),
('050910', 'Santiago de Paucaray', '0509', '05'),
('050911', 'Soras', '0509', '05'),
('051001', 'Huancapi', '0510', '05'),
('051002', 'Alcamenca', '0510', '05'),
('051003', 'Apongo', '0510', '05'),
('051004', 'Asquipata', '0510', '05'),
('051005', 'Canaria', '0510', '05'),
('051006', 'Cayara', '0510', '05'),
('051007', 'Colca', '0510', '05'),
('051008', 'Huamanquiquia', '0510', '05'),
('051009', 'Huancaraylla', '0510', '05'),
('051010', 'Hualla', '0510', '05'),
('051011', 'Sarhua', '0510', '05'),
('051012', 'Vilcanchos', '0510', '05'),
('051101', 'Vilcas Huaman', '0511', '05'),
('051102', 'Accomarca', '0511', '05'),
('051103', 'Carhuanca', '0511', '05'),
('051104', 'Concepción', '0511', '05'),
('051105', 'Huambalpa', '0511', '05'),
('051106', 'Independencia', '0511', '05'),
('051107', 'Saurama', '0511', '05'),
('051108', 'Vischongo', '0511', '05'),
('060101', 'Cajamarca', '0601', '06'),
('060102', 'Asunción', '0601', '06'),
('060103', 'Chetilla', '0601', '06'),
('060104', 'Cospan', '0601', '06'),
('060105', 'Encañada', '0601', '06'),
('060106', 'Jesús', '0601', '06'),
('060107', 'Llacanora', '0601', '06'),
('060108', 'Los Baños del Inca', '0601', '06'),
('060109', 'Magdalena', '0601', '06'),
('060110', 'Matara', '0601', '06'),
('060111', 'Namora', '0601', '06'),
('060112', 'San Juan', '0601', '06'),
('060201', 'Cajabamba', '0602', '06'),
('060202', 'Cachachi', '0602', '06'),
('060203', 'Condebamba', '0602', '06'),
('060204', 'Sitacocha', '0602', '06'),
('060301', 'Celendín', '0603', '06'),
('060302', 'Chumuch', '0603', '06'),
('060303', 'Cortegana', '0603', '06'),
('060304', 'Huasmin', '0603', '06'),
('060305', 'Jorge Chávez', '0603', '06'),
('060306', 'José Gálvez', '0603', '06'),
('060307', 'Miguel Iglesias', '0603', '06'),
('060308', 'Oxamarca', '0603', '06'),
('060309', 'Sorochuco', '0603', '06'),
('060310', 'Sucre', '0603', '06'),
('060311', 'Utco', '0603', '06'),
('060312', 'La Libertad de Pallan', '0603', '06'),
('060401', 'Chota', '0604', '06'),
('060402', 'Anguia', '0604', '06'),
('060403', 'Chadin', '0604', '06'),
('060404', 'Chiguirip', '0604', '06'),
('060405', 'Chimban', '0604', '06'),
('060406', 'Choropampa', '0604', '06'),
('060407', 'Cochabamba', '0604', '06'),
('060408', 'Conchan', '0604', '06'),
('060409', 'Huambos', '0604', '06'),
('060410', 'Lajas', '0604', '06'),
('060411', 'Llama', '0604', '06'),
('060412', 'Miracosta', '0604', '06'),
('060413', 'Paccha', '0604', '06'),
('060414', 'Pion', '0604', '06'),
('060415', 'Querocoto', '0604', '06'),
('060416', 'San Juan de Licupis', '0604', '06'),
('060417', 'Tacabamba', '0604', '06'),
('060418', 'Tocmoche', '0604', '06'),
('060419', 'Chalamarca', '0604', '06'),
('060501', 'Contumaza', '0605', '06'),
('060502', 'Chilete', '0605', '06'),
('060503', 'Cupisnique', '0605', '06'),
('060504', 'Guzmango', '0605', '06'),
('060505', 'San Benito', '0605', '06'),
('060506', 'Santa Cruz de Toledo', '0605', '06'),
('060507', 'Tantarica', '0605', '06'),
('060508', 'Yonan', '0605', '06'),
('060601', 'Cutervo', '0606', '06'),
('060602', 'Callayuc', '0606', '06'),
('060603', 'Choros', '0606', '06'),
('060604', 'Cujillo', '0606', '06'),
('060605', 'La Ramada', '0606', '06'),
('060606', 'Pimpingos', '0606', '06'),
('060607', 'Querocotillo', '0606', '06'),
('060608', 'San Andrés de Cutervo', '0606', '06'),
('060609', 'San Juan de Cutervo', '0606', '06'),
('060610', 'San Luis de Lucma', '0606', '06'),
('060611', 'Santa Cruz', '0606', '06'),
('060612', 'Santo Domingo de la Capilla', '0606', '06'),
('060613', 'Santo Tomas', '0606', '06'),
('060614', 'Socota', '0606', '06'),
('060615', 'Toribio Casanova', '0606', '06'),
('060701', 'Bambamarca', '0607', '06'),
('060702', 'Chugur', '0607', '06'),
('060703', 'Hualgayoc', '0607', '06'),
('060801', 'Jaén', '0608', '06'),
('060802', 'Bellavista', '0608', '06'),
('060803', 'Chontali', '0608', '06'),
('060804', 'Colasay', '0608', '06'),
('060805', 'Huabal', '0608', '06'),
('060806', 'Las Pirias', '0608', '06'),
('060807', 'Pomahuaca', '0608', '06'),
('060808', 'Pucara', '0608', '06'),
('060809', 'Sallique', '0608', '06'),
('060810', 'San Felipe', '0608', '06'),
('060811', 'San José del Alto', '0608', '06'),
('060812', 'Santa Rosa', '0608', '06'),
('060901', 'San Ignacio', '0609', '06'),
('060902', 'Chirinos', '0609', '06'),
('060903', 'Huarango', '0609', '06'),
('060904', 'La Coipa', '0609', '06'),
('060905', 'Namballe', '0609', '06'),
('060906', 'San José de Lourdes', '0609', '06'),
('060907', 'Tabaconas', '0609', '06'),
('061001', 'Pedro Gálvez', '0610', '06'),
('061002', 'Chancay', '0610', '06'),
('061003', 'Eduardo Villanueva', '0610', '06'),
('061004', 'Gregorio Pita', '0610', '06'),
('061005', 'Ichocan', '0610', '06'),
('061006', 'José Manuel Quiroz', '0610', '06'),
('061007', 'José Sabogal', '0610', '06'),
('061101', 'San Miguel', '0611', '06'),
('061102', 'Bolívar', '0611', '06'),
('061103', 'Calquis', '0611', '06'),
('061104', 'Catilluc', '0611', '06'),
('061105', 'El Prado', '0611', '06'),
('061106', 'La Florida', '0611', '06'),
('061107', 'Llapa', '0611', '06'),
('061108', 'Nanchoc', '0611', '06'),
('061109', 'Niepos', '0611', '06'),
('061110', 'San Gregorio', '0611', '06'),
('061111', 'San Silvestre de Cochan', '0611', '06'),
('061112', 'Tongod', '0611', '06'),
('061113', 'Unión Agua Blanca', '0611', '06'),
('061201', 'San Pablo', '0612', '06'),
('061202', 'San Bernardino', '0612', '06'),
('061203', 'San Luis', '0612', '06'),
('061204', 'Tumbaden', '0612', '06'),
('061301', 'Santa Cruz', '0613', '06'),
('061302', 'Andabamba', '0613', '06'),
('061303', 'Catache', '0613', '06'),
('061304', 'Chancaybaños', '0613', '06'),
('061305', 'La Esperanza', '0613', '06'),
('061306', 'Ninabamba', '0613', '06'),
('061307', 'Pulan', '0613', '06'),
('061308', 'Saucepampa', '0613', '06'),
('061309', 'Sexi', '0613', '06'),
('061310', 'Uticyacu', '0613', '06'),
('061311', 'Yauyucan', '0613', '06'),
('070101', 'Callao', '0701', '07'),
('070102', 'Bellavista', '0701', '07'),
('070103', 'Carmen de la Legua Reynoso', '0701', '07'),
('070104', 'La Perla', '0701', '07'),
('070105', 'La Punta', '0701', '07'),
('070106', 'Ventanilla', '0701', '07'),
('070107', 'Mi Perú', '0701', '07'),
('080101', 'Cusco', '0801', '08'),
('080102', 'Ccorca', '0801', '08'),
('080103', 'Poroy', '0801', '08'),
('080104', 'San Jerónimo', '0801', '08'),
('080105', 'San Sebastian', '0801', '08'),
('080106', 'Santiago', '0801', '08'),
('080107', 'Saylla', '0801', '08'),
('080108', 'Wanchaq', '0801', '08'),
('080201', 'Acomayo', '0802', '08'),
('080202', 'Acopia', '0802', '08'),
('080203', 'Acos', '0802', '08'),
('080204', 'Mosoc Llacta', '0802', '08'),
('080205', 'Pomacanchi', '0802', '08'),
('080206', 'Rondocan', '0802', '08'),
('080207', 'Sangarara', '0802', '08'),
('080301', 'Anta', '0803', '08'),
('080302', 'Ancahuasi', '0803', '08'),
('080303', 'Cachimayo', '0803', '08'),
('080304', 'Chinchaypujio', '0803', '08'),
('080305', 'Huarocondo', '0803', '08'),
('080306', 'Limatambo', '0803', '08'),
('080307', 'Mollepata', '0803', '08'),
('080308', 'Pucyura', '0803', '08'),
('080309', 'Zurite', '0803', '08'),
('080401', 'Calca', '0804', '08'),
('080402', 'Coya', '0804', '08'),
('080403', 'Lamay', '0804', '08'),
('080404', 'Lares', '0804', '08'),
('080405', 'Pisac', '0804', '08'),
('080406', 'San Salvador', '0804', '08'),
('080407', 'Taray', '0804', '08'),
('080408', 'Yanatile', '0804', '08'),
('080501', 'Yanaoca', '0805', '08'),
('080502', 'Checca', '0805', '08'),
('080503', 'Kunturkanki', '0805', '08'),
('080504', 'Langui', '0805', '08'),
('080505', 'Layo', '0805', '08'),
('080506', 'Pampamarca', '0805', '08'),
('080507', 'Quehue', '0805', '08'),
('080508', 'Tupac Amaru', '0805', '08'),
('080601', 'Sicuani', '0806', '08'),
('080602', 'Checacupe', '0806', '08'),
('080603', 'Combapata', '0806', '08'),
('080604', 'Marangani', '0806', '08'),
('080605', 'Pitumarca', '0806', '08'),
('080606', 'San Pablo', '0806', '08'),
('080607', 'San Pedro', '0806', '08'),
('080608', 'Tinta', '0806', '08'),
('080701', 'Santo Tomas', '0807', '08'),
('080702', 'Capacmarca', '0807', '08'),
('080703', 'Chamaca', '0807', '08'),
('080704', 'Colquemarca', '0807', '08'),
('080705', 'Livitaca', '0807', '08'),
('080706', 'Llusco', '0807', '08'),
('080707', 'Quiñota', '0807', '08'),
('080708', 'Velille', '0807', '08'),
('080801', 'Espinar', '0808', '08'),
('080802', 'Condoroma', '0808', '08'),
('080803', 'Coporaque', '0808', '08'),
('080804', 'Ocoruro', '0808', '08'),
('080805', 'Pallpata', '0808', '08'),
('080806', 'Pichigua', '0808', '08'),
('080807', 'Suyckutambo', '0808', '08'),
('080808', 'Alto Pichigua', '0808', '08'),
('080901', 'Santa Ana', '0809', '08'),
('080902', 'Echarate', '0809', '08'),
('080903', 'Huayopata', '0809', '08'),
('080904', 'Maranura', '0809', '08'),
('080905', 'Ocobamba', '0809', '08'),
('080906', 'Quellouno', '0809', '08'),
('080907', 'Kimbiri', '0809', '08'),
('080908', 'Santa Teresa', '0809', '08'),
('080909', 'Vilcabamba', '0809', '08'),
('080910', 'Pichari', '0809', '08'),
('080911', 'Inkawasi', '0809', '08'),
('080912', 'Villa Virgen', '0809', '08'),
('080913', 'Villa Kintiarina', '0809', '08'),
('080914', 'Megantoni', '0809', '08'),
('081001', 'Paruro', '0810', '08'),
('081002', 'Accha', '0810', '08'),
('081003', 'Ccapi', '0810', '08'),
('081004', 'Colcha', '0810', '08'),
('081005', 'Huanoquite', '0810', '08'),
('081006', 'Omachaç', '0810', '08'),
('081007', 'Paccaritambo', '0810', '08'),
('081008', 'Pillpinto', '0810', '08'),
('081009', 'Yaurisque', '0810', '08'),
('081101', 'Paucartambo', '0811', '08'),
('081102', 'Caicay', '0811', '08'),
('081103', 'Challabamba', '0811', '08'),
('081104', 'Colquepata', '0811', '08'),
('081105', 'Huancarani', '0811', '08'),
('081106', 'Kosñipata', '0811', '08'),
('081201', 'Urcos', '0812', '08'),
('081202', 'Andahuaylillas', '0812', '08'),
('081203', 'Camanti', '0812', '08'),
('081204', 'Ccarhuayo', '0812', '08'),
('081205', 'Ccatca', '0812', '08'),
('081206', 'Cusipata', '0812', '08'),
('081207', 'Huaro', '0812', '08'),
('081208', 'Lucre', '0812', '08'),
('081209', 'Marcapata', '0812', '08'),
('081210', 'Ocongate', '0812', '08'),
('081211', 'Oropesa', '0812', '08'),
('081212', 'Quiquijana', '0812', '08'),
('081301', 'Urubamba', '0813', '08'),
('081302', 'Chinchero', '0813', '08'),
('081303', 'Huayllabamba', '0813', '08'),
('081304', 'Machupicchu', '0813', '08'),
('081305', 'Maras', '0813', '08'),
('081306', 'Ollantaytambo', '0813', '08'),
('081307', 'Yucay', '0813', '08'),
('090101', 'Huancavelica', '0901', '09'),
('090102', 'Acobambilla', '0901', '09'),
('090103', 'Acoria', '0901', '09'),
('090104', 'Conayca', '0901', '09'),
('090105', 'Cuenca', '0901', '09'),
('090106', 'Huachocolpa', '0901', '09'),
('090107', 'Huayllahuara', '0901', '09'),
('090108', 'Izcuchaca', '0901', '09'),
('090109', 'Laria', '0901', '09'),
('090110', 'Manta', '0901', '09'),
('090111', 'Mariscal Cáceres', '0901', '09'),
('090112', 'Moya', '0901', '09'),
('090113', 'Nuevo Occoro', '0901', '09'),
('090114', 'Palca', '0901', '09'),
('090115', 'Pilchaca', '0901', '09'),
('090116', 'Vilca', '0901', '09'),
('090117', 'Yauli', '0901', '09'),
('090118', 'Ascensión', '0901', '09'),
('090119', 'Huando', '0901', '09'),
('090201', 'Acobamba', '0902', '09'),
('090202', 'Andabamba', '0902', '09'),
('090203', 'Anta', '0902', '09'),
('090204', 'Caja', '0902', '09'),
('090205', 'Marcas', '0902', '09'),
('090206', 'Paucara', '0902', '09'),
('090207', 'Pomacocha', '0902', '09'),
('090208', 'Rosario', '0902', '09'),
('090301', 'Lircay', '0903', '09'),
('090302', 'Anchonga', '0903', '09'),
('090303', 'Callanmarca', '0903', '09'),
('090304', 'Ccochaccasa', '0903', '09'),
('090305', 'Chincho', '0903', '09'),
('090306', 'Congalla', '0903', '09'),
('090307', 'Huanca-Huanca', '0903', '09'),
('090308', 'Huayllay Grande', '0903', '09'),
('090309', 'Julcamarca', '0903', '09'),
('090310', 'San Antonio de Antaparco', '0903', '09'),
('090311', 'Santo Tomas de Pata', '0903', '09'),
('090312', 'Secclla', '0903', '09'),
('090401', 'Castrovirreyna', '0904', '09'),
('090402', 'Arma', '0904', '09'),
('090403', 'Aurahua', '0904', '09'),
('090404', 'Capillas', '0904', '09'),
('090405', 'Chupamarca', '0904', '09'),
('090406', 'Cocas', '0904', '09'),
('090407', 'Huachos', '0904', '09'),
('090408', 'Huamatambo', '0904', '09'),
('090409', 'Mollepampa', '0904', '09'),
('090410', 'San Juan', '0904', '09'),
('090411', 'Santa Ana', '0904', '09'),
('090412', 'Tantara', '0904', '09'),
('090413', 'Ticrapo', '0904', '09'),
('090501', 'Churcampa', '0905', '09'),
('090502', 'Anco', '0905', '09'),
('090503', 'Chinchihuasi', '0905', '09'),
('090504', 'El Carmen', '0905', '09'),
('090505', 'La Merced', '0905', '09'),
('090506', 'Locroja', '0905', '09'),
('090507', 'Paucarbamba', '0905', '09'),
('090508', 'San Miguel de Mayocc', '0905', '09'),
('090509', 'San Pedro de Coris', '0905', '09'),
('090510', 'Pachamarca', '0905', '09'),
('090511', 'Cosme', '0905', '09'),
('090601', 'Huaytara', '0906', '09'),
('090602', 'Ayavi', '0906', '09'),
('090603', 'Córdova', '0906', '09'),
('090604', 'Huayacundo Arma', '0906', '09'),
('090605', 'Laramarca', '0906', '09'),
('090606', 'Ocoyo', '0906', '09'),
('090607', 'Pilpichaca', '0906', '09'),
('090608', 'Querco', '0906', '09'),
('090609', 'Quito-Arma', '0906', '09'),
('090610', 'San Antonio de Cusicancha', '0906', '09'),
('090611', 'San Francisco de Sangayaico', '0906', '09'),
('090612', 'San Isidro', '0906', '09'),
('090613', 'Santiago de Chocorvos', '0906', '09'),
('090614', 'Santiago de Quirahuara', '0906', '09'),
('090615', 'Santo Domingo de Capillas', '0906', '09'),
('090616', 'Tambo', '0906', '09'),
('090701', 'Pampas', '0907', '09'),
('090702', 'Acostambo', '0907', '09'),
('090703', 'Acraquia', '0907', '09'),
('090704', 'Ahuaycha', '0907', '09'),
('090705', 'Colcabamba', '0907', '09'),
('090706', 'Daniel Hernández', '0907', '09'),
('090707', 'Huachocolpa', '0907', '09'),
('090709', 'Huaribamba', '0907', '09'),
('090710', 'Ñahuimpuquio', '0907', '09'),
('090711', 'Pazos', '0907', '09'),
('090713', 'Quishuar', '0907', '09'),
('090714', 'Salcabamba', '0907', '09'),
('090715', 'Salcahuasi', '0907', '09'),
('090716', 'San Marcos de Rocchac', '0907', '09'),
('090717', 'Surcubamba', '0907', '09'),
('090718', 'Tintay Puncu', '0907', '09'),
('090719', 'Quichuas', '0907', '09'),
('090720', 'Andaymarca', '0907', '09'),
('090721', 'Roble', '0907', '09'),
('090722', 'Pichos', '0907', '09'),
('090723', 'Santiago de Tucuma', '0907', '09'),
('100101', 'Huanuco', '1001', '10'),
('100102', 'Amarilis', '1001', '10'),
('100103', 'Chinchao', '1001', '10'),
('100104', 'Churubamba', '1001', '10'),
('100105', 'Margos', '1001', '10'),
('100106', 'Quisqui (Kichki)', '1001', '10'),
('100107', 'San Francisco de Cayran', '1001', '10'),
('100108', 'San Pedro de Chaulan', '1001', '10'),
('100109', 'Santa María del Valle', '1001', '10'),
('100110', 'Yarumayo', '1001', '10'),
('100111', 'Pillco Marca', '1001', '10'),
('100112', 'Yacus', '1001', '10'),
('100113', 'San Pablo de Pillao', '1001', '10'),
('100201', 'Ambo', '1002', '10'),
('100202', 'Cayna', '1002', '10'),
('100203', 'Colpas', '1002', '10'),
('100204', 'Conchamarca', '1002', '10'),
('100205', 'Huacar', '1002', '10'),
('100206', 'San Francisco', '1002', '10'),
('100207', 'San Rafael', '1002', '10'),
('100208', 'Tomay Kichwa', '1002', '10'),
('100301', 'La Unión', '1003', '10'),
('100307', 'Chuquis', '1003', '10'),
('100311', 'Marías', '1003', '10'),
('100313', 'Pachas', '1003', '10'),
('100316', 'Quivilla', '1003', '10'),
('100317', 'Ripan', '1003', '10'),
('100321', 'Shunqui', '1003', '10'),
('100322', 'Sillapata', '1003', '10'),
('100323', 'Yanas', '1003', '10'),
('100401', 'Huacaybamba', '1004', '10'),
('100402', 'Canchabamba', '1004', '10'),
('100403', 'Cochabamba', '1004', '10'),
('100404', 'Pinra', '1004', '10'),
('100501', 'Llata', '1005', '10'),
('100502', 'Arancay', '1005', '10'),
('100503', 'Chavín de Pariarca', '1005', '10'),
('100504', 'Jacas Grande', '1005', '10'),
('100505', 'Jircan', '1005', '10'),
('100506', 'Miraflores', '1005', '10'),
('100507', 'Monzón', '1005', '10'),
('100508', 'Punchao', '1005', '10'),
('100509', 'Puños', '1005', '10'),
('100510', 'Singa', '1005', '10'),
('100511', 'Tantamayo', '1005', '10'),
('100601', 'Rupa-Rupa', '1006', '10'),
('100602', 'Daniel Alomía Robles', '1006', '10'),
('100603', 'Hermílio Valdizan', '1006', '10'),
('100604', 'José Crespo y Castillo', '1006', '10'),
('100605', 'Luyando', '1006', '10'),
('100606', 'Mariano Damaso Beraun', '1006', '10'),
('100607', 'Pucayacu', '1006', '10'),
('100608', 'Castillo Grande', '1006', '10'),
('100609', 'Pueblo Nuevo', '1006', '10'),
('100610', 'Santo Domingo de Anda', '1006', '10'),
('100701', 'Huacrachuco', '1007', '10'),
('100702', 'Cholon', '1007', '10'),
('100703', 'San Buenaventura', '1007', '10'),
('100704', 'La Morada', '1007', '10'),
('100705', 'Santa Rosa de Alto Yanajanca', '1007', '10'),
('100801', 'Panao', '1008', '10'),
('100802', 'Chaglla', '1008', '10'),
('100803', 'Molino', '1008', '10'),
('100804', 'Umari', '1008', '10'),
('100901', 'Puerto Inca', '1009', '10'),
('100902', 'Codo del Pozuzo', '1009', '10'),
('100903', 'Honoria', '1009', '10'),
('100904', 'Tournavista', '1009', '10'),
('100905', 'Yuyapichis', '1009', '10'),
('101001', 'Jesús', '1010', '10'),
('101002', 'Baños', '1010', '10'),
('101003', 'Jivia', '1010', '10'),
('101004', 'Queropalca', '1010', '10'),
('101005', 'Rondos', '1010', '10'),
('101006', 'San Francisco de Asís', '1010', '10'),
('101007', 'San Miguel de Cauri', '1010', '10'),
('101101', 'Chavinillo', '1011', '10'),
('101102', 'Cahuac', '1011', '10'),
('101103', 'Chacabamba', '1011', '10'),
('101104', 'Aparicio Pomares', '1011', '10'),
('101105', 'Jacas Chico', '1011', '10'),
('101106', 'Obas', '1011', '10'),
('101107', 'Pampamarca', '1011', '10'),
('101108', 'Choras', '1011', '10'),
('110101', 'Ica', '1101', '11'),
('110102', 'La Tinguiña', '1101', '11'),
('110103', 'Los Aquijes', '1101', '11'),
('110104', 'Ocucaje', '1101', '11'),
('110105', 'Pachacutec', '1101', '11'),
('110106', 'Parcona', '1101', '11'),
('110107', 'Pueblo Nuevo', '1101', '11'),
('110108', 'Salas', '1101', '11'),
('110109', 'San José de Los Molinos', '1101', '11'),
('110110', 'San Juan Bautista', '1101', '11'),
('110111', 'Santiago', '1101', '11'),
('110112', 'Subtanjalla', '1101', '11'),
('110113', 'Tate', '1101', '11'),
('110114', 'Yauca del Rosario', '1101', '11'),
('110201', 'Chincha Alta', '1102', '11'),
('110202', 'Alto Laran', '1102', '11'),
('110203', 'Chavin', '1102', '11'),
('110204', 'Chincha Baja', '1102', '11'),
('110205', 'El Carmen', '1102', '11'),
('110206', 'Grocio Prado', '1102', '11'),
('110207', 'Pueblo Nuevo', '1102', '11'),
('110208', 'San Juan de Yanac', '1102', '11'),
('110209', 'San Pedro de Huacarpana', '1102', '11'),
('110210', 'Sunampe', '1102', '11'),
('110211', 'Tambo de Mora', '1102', '11'),
('110301', 'Nasca', '1103', '11'),
('110302', 'Changuillo', '1103', '11'),
('110303', 'El Ingenio', '1103', '11'),
('110304', 'Marcona', '1103', '11'),
('110305', 'Vista Alegre', '1103', '11'),
('110401', 'Palpa', '1104', '11'),
('110402', 'Llipata', '1104', '11'),
('110403', 'Río Grande', '1104', '11'),
('110404', 'Santa Cruz', '1104', '11'),
('110405', 'Tibillo', '1104', '11'),
('110501', 'Pisco', '1105', '11'),
('110502', 'Huancano', '1105', '11'),
('110503', 'Humay', '1105', '11'),
('110504', 'Independencia', '1105', '11'),
('110505', 'Paracas', '1105', '11'),
('110506', 'San Andrés', '1105', '11'),
('110507', 'San Clemente', '1105', '11'),
('110508', 'Tupac Amaru Inca', '1105', '11'),
('120101', 'Huancayo', '1201', '12'),
('120104', 'Carhuacallanga', '1201', '12'),
('120105', 'Chacapampa', '1201', '12'),
('120106', 'Chicche', '1201', '12'),
('120107', 'Chilca', '1201', '12'),
('120108', 'Chongos Alto', '1201', '12'),
('120111', 'Chupuro', '1201', '12'),
('120112', 'Colca', '1201', '12'),
('120113', 'Cullhuas', '1201', '12'),
('120114', 'El Tambo', '1201', '12'),
('120116', 'Huacrapuquio', '1201', '12'),
('120117', 'Hualhuas', '1201', '12'),
('120119', 'Huancan', '1201', '12'),
('120120', 'Huasicancha', '1201', '12'),
('120121', 'Huayucachi', '1201', '12'),
('120122', 'Ingenio', '1201', '12'),
('120124', 'Pariahuanca', '1201', '12'),
('120125', 'Pilcomayo', '1201', '12'),
('120126', 'Pucara', '1201', '12'),
('120127', 'Quichuay', '1201', '12'),
('120128', 'Quilcas', '1201', '12'),
('120129', 'San Agustín', '1201', '12'),
('120130', 'San Jerónimo de Tunan', '1201', '12'),
('120132', 'Saño', '1201', '12'),
('120133', 'Sapallanga', '1201', '12'),
('120134', 'Sicaya', '1201', '12'),
('120135', 'Santo Domingo de Acobamba', '1201', '12'),
('120136', 'Viques', '1201', '12'),
('120201', 'Concepción', '1202', '12'),
('120202', 'Aco', '1202', '12'),
('120203', 'Andamarca', '1202', '12'),
('120204', 'Chambara', '1202', '12'),
('120205', 'Cochas', '1202', '12'),
('120206', 'Comas', '1202', '12'),
('120207', 'Heroínas Toledo', '1202', '12'),
('120208', 'Manzanares', '1202', '12'),
('120209', 'Mariscal Castilla', '1202', '12'),
('120210', 'Matahuasi', '1202', '12'),
('120211', 'Mito', '1202', '12'),
('120212', 'Nueve de Julio', '1202', '12'),
('120213', 'Orcotuna', '1202', '12'),
('120214', 'San José de Quero', '1202', '12'),
('120215', 'Santa Rosa de Ocopa', '1202', '12'),
('120301', 'Chanchamayo', '1203', '12'),
('120302', 'Perene', '1203', '12'),
('120303', 'Pichanaqui', '1203', '12'),
('120304', 'San Luis de Shuaro', '1203', '12'),
('120305', 'San Ramón', '1203', '12'),
('120306', 'Vitoc', '1203', '12'),
('120401', 'Jauja', '1204', '12'),
('120402', 'Acolla', '1204', '12'),
('120403', 'Apata', '1204', '12'),
('120404', 'Ataura', '1204', '12'),
('120405', 'Canchayllo', '1204', '12'),
('120406', 'Curicaca', '1204', '12'),
('120407', 'El Mantaro', '1204', '12'),
('120408', 'Huamali', '1204', '12'),
('120409', 'Huaripampa', '1204', '12'),
('120410', 'Huertas', '1204', '12'),
('120411', 'Janjaillo', '1204', '12'),
('120412', 'Julcán', '1204', '12'),
('120413', 'Leonor Ordóñez', '1204', '12'),
('120414', 'Llocllapampa', '1204', '12'),
('120415', 'Marco', '1204', '12'),
('120416', 'Masma', '1204', '12'),
('120417', 'Masma Chicche', '1204', '12'),
('120418', 'Molinos', '1204', '12'),
('120419', 'Monobamba', '1204', '12'),
('120420', 'Muqui', '1204', '12'),
('120421', 'Muquiyauyo', '1204', '12'),
('120422', 'Paca', '1204', '12'),
('120423', 'Paccha', '1204', '12'),
('120424', 'Pancan', '1204', '12'),
('120425', 'Parco', '1204', '12'),
('120426', 'Pomacancha', '1204', '12'),
('120427', 'Ricran', '1204', '12'),
('120428', 'San Lorenzo', '1204', '12'),
('120429', 'San Pedro de Chunan', '1204', '12'),
('120430', 'Sausa', '1204', '12'),
('120431', 'Sincos', '1204', '12'),
('120432', 'Tunan Marca', '1204', '12'),
('120433', 'Yauli', '1204', '12'),
('120434', 'Yauyos', '1204', '12'),
('120501', 'Junin', '1205', '12'),
('120502', 'Carhuamayo', '1205', '12'),
('120503', 'Ondores', '1205', '12'),
('120504', 'Ulcumayo', '1205', '12'),
('120601', 'Satipo', '1206', '12'),
('120602', 'Coviriali', '1206', '12'),
('120603', 'Llaylla', '1206', '12'),
('120604', 'Mazamari', '1206', '12'),
('120605', 'Pampa Hermosa', '1206', '12'),
('120606', 'Pangoa', '1206', '12'),
('120607', 'Río Negro', '1206', '12'),
('120608', 'Río Tambo', '1206', '12'),
('120609', 'Vizcatan del Ene', '1206', '12'),
('120701', 'Tarma', '1207', '12'),
('120702', 'Acobamba', '1207', '12'),
('120703', 'Huaricolca', '1207', '12'),
('120704', 'Huasahuasi', '1207', '12'),
('120705', 'La Unión', '1207', '12'),
('120706', 'Palca', '1207', '12'),
('120707', 'Palcamayo', '1207', '12'),
('120708', 'San Pedro de Cajas', '1207', '12'),
('120709', 'Tapo', '1207', '12'),
('120801', 'La Oroya', '1208', '12'),
('120802', 'Chacapalpa', '1208', '12'),
('120803', 'Huay-Huay', '1208', '12'),
('120804', 'Marcapomacocha', '1208', '12'),
('120805', 'Morococha', '1208', '12'),
('120806', 'Paccha', '1208', '12'),
('120807', 'Santa Bárbara de Carhuacayan', '1208', '12'),
('120808', 'Santa Rosa de Sacco', '1208', '12'),
('120809', 'Suitucancha', '1208', '12'),
('120810', 'Yauli', '1208', '12'),
('120901', 'Chupaca', '1209', '12'),
('120902', 'Ahuac', '1209', '12'),
('120903', 'Chongos Bajo', '1209', '12'),
('120904', 'Huachac', '1209', '12'),
('120905', 'Huamancaca Chico', '1209', '12'),
('120906', 'San Juan de Iscos', '1209', '12'),
('120907', 'San Juan de Jarpa', '1209', '12'),
('120908', 'Tres de Diciembre', '1209', '12'),
('120909', 'Yanacancha', '1209', '12'),
('130101', 'Trujillo', '1301', '13'),
('130102', 'El Porvenir', '1301', '13'),
('130103', 'Florencia de Mora', '1301', '13'),
('130104', 'Huanchaco', '1301', '13'),
('130105', 'La Esperanza', '1301', '13'),
('130106', 'Laredo', '1301', '13'),
('130107', 'Moche', '1301', '13'),
('130108', 'Poroto', '1301', '13'),
('130109', 'Salaverry', '1301', '13'),
('130110', 'Simbal', '1301', '13'),
('130111', 'Victor Larco Herrera', '1301', '13'),
('130201', 'Ascope', '1302', '13'),
('130202', 'Chicama', '1302', '13'),
('130203', 'Chocope', '1302', '13'),
('130204', 'Magdalena de Cao', '1302', '13'),
('130205', 'Paijan', '1302', '13'),
('130206', 'Rázuri', '1302', '13'),
('130207', 'Santiago de Cao', '1302', '13'),
('130208', 'Casa Grande', '1302', '13'),
('130301', 'Bolívar', '1303', '13'),
('130302', 'Bambamarca', '1303', '13'),
('130303', 'Condormarca', '1303', '13'),
('130304', 'Longotea', '1303', '13'),
('130305', 'Uchumarca', '1303', '13'),
('130306', 'Ucuncha', '1303', '13'),
('130401', 'Chepen', '1304', '13'),
('130402', 'Pacanga', '1304', '13'),
('130403', 'Pueblo Nuevo', '1304', '13'),
('130501', 'Julcan', '1305', '13'),
('130502', 'Calamarca', '1305', '13'),
('130503', 'Carabamba', '1305', '13'),
('130504', 'Huaso', '1305', '13'),
('130601', 'Otuzco', '1306', '13'),
('130602', 'Agallpampa', '1306', '13'),
('130604', 'Charat', '1306', '13'),
('130605', 'Huaranchal', '1306', '13'),
('130606', 'La Cuesta', '1306', '13'),
('130608', 'Mache', '1306', '13'),
('130610', 'Paranday', '1306', '13'),
('130611', 'Salpo', '1306', '13'),
('130613', 'Sinsicap', '1306', '13'),
('130614', 'Usquil', '1306', '13'),
('130701', 'San Pedro de Lloc', '1307', '13'),
('130702', 'Guadalupe', '1307', '13'),
('130703', 'Jequetepeque', '1307', '13'),
('130704', 'Pacasmayo', '1307', '13'),
('130705', 'San José', '1307', '13'),
('130801', 'Tayabamba', '1308', '13'),
('130802', 'Buldibuyo', '1308', '13'),
('130803', 'Chillia', '1308', '13'),
('130804', 'Huancaspata', '1308', '13'),
('130805', 'Huaylillas', '1308', '13'),
('130806', 'Huayo', '1308', '13'),
('130807', 'Ongon', '1308', '13'),
('130808', 'Parcoy', '1308', '13'),
('130809', 'Pataz', '1308', '13'),
('130810', 'Pias', '1308', '13'),
('130811', 'Santiago de Challas', '1308', '13'),
('130812', 'Taurija', '1308', '13'),
('130813', 'Urpay', '1308', '13'),
('130901', 'Huamachuco', '1309', '13'),
('130902', 'Chugay', '1309', '13'),
('130903', 'Cochorco', '1309', '13'),
('130904', 'Curgos', '1309', '13'),
('130905', 'Marcabal', '1309', '13'),
('130906', 'Sanagoran', '1309', '13'),
('130907', 'Sarin', '1309', '13'),
('130908', 'Sartimbamba', '1309', '13'),
('131001', 'Santiago de Chuco', '1310', '13'),
('131002', 'Angasmarca', '1310', '13'),
('131003', 'Cachicadan', '1310', '13'),
('131004', 'Mollebamba', '1310', '13'),
('131005', 'Mollepata', '1310', '13'),
('131006', 'Quiruvilca', '1310', '13'),
('131007', 'Santa Cruz de Chuca', '1310', '13'),
('131008', 'Sitabamba', '1310', '13'),
('131101', 'Cascas', '1311', '13'),
('131102', 'Lucma', '1311', '13'),
('131103', 'Marmot', '1311', '13'),
('131104', 'Sayapullo', '1311', '13'),
('131201', 'Viru', '1312', '13'),
('131202', 'Chao', '1312', '13'),
('131203', 'Guadalupito', '1312', '13'),
('140101', 'Chiclayo', '1401', '14'),
('140102', 'Chongoyape', '1401', '14'),
('140103', 'Eten', '1401', '14'),
('140104', 'Eten Puerto', '1401', '14'),
('140105', 'José Leonardo Ortiz', '1401', '14'),
('140106', 'La Victoria', '1401', '14'),
('140107', 'Lagunas', '1401', '14'),
('140108', 'Monsefu', '1401', '14'),
('140109', 'Nueva Arica', '1401', '14'),
('140110', 'Oyotun', '1401', '14'),
('140111', 'Picsi', '1401', '14'),
('140112', 'Pimentel', '1401', '14'),
('140113', 'Reque', '1401', '14'),
('140114', 'Santa Rosa', '1401', '14'),
('140115', 'Saña', '1401', '14'),
('140116', 'Cayalti', '1401', '14'),
('140117', 'Patapo', '1401', '14'),
('140118', 'Pomalca', '1401', '14'),
('140119', 'Pucala', '1401', '14'),
('140120', 'Tuman', '1401', '14'),
('140201', 'Ferreñafe', '1402', '14'),
('140202', 'Cañaris', '1402', '14'),
('140203', 'Incahuasi', '1402', '14'),
('140204', 'Manuel Antonio Mesones Muro', '1402', '14'),
('140205', 'Pitipo', '1402', '14'),
('140206', 'Pueblo Nuevo', '1402', '14'),
('140301', 'Lambayeque', '1403', '14'),
('140302', 'Chochope', '1403', '14'),
('140303', 'Illimo', '1403', '14'),
('140304', 'Jayanca', '1403', '14'),
('140305', 'Mochumi', '1403', '14'),
('140306', 'Morrope', '1403', '14'),
('140307', 'Motupe', '1403', '14'),
('140308', 'Olmos', '1403', '14'),
('140309', 'Pacora', '1403', '14'),
('140310', 'Salas', '1403', '14'),
('140311', 'San José', '1403', '14'),
('140312', 'Tucume', '1403', '14'),
('150101', 'Lima', '1501', '15'),
('150102', 'Ancón', '1501', '15'),
('150103', 'Ate', '1501', '15'),
('150104', 'Barranco', '1501', '15'),
('150105', 'Breña', '1501', '15'),
('150106', 'Carabayllo', '1501', '15'),
('150107', 'Chaclacayo', '1501', '15'),
('150108', 'Chorrillos', '1501', '15'),
('150109', 'Cieneguilla', '1501', '15'),
('150110', 'Comas', '1501', '15'),
('150111', 'El Agustino', '1501', '15'),
('150112', 'Independencia', '1501', '15'),
('150113', 'Jesús María', '1501', '15'),
('150114', 'La Molina', '1501', '15'),
('150115', 'La Victoria', '1501', '15'),
('150116', 'Lince', '1501', '15'),
('150117', 'Los Olivos', '1501', '15'),
('150118', 'Lurigancho', '1501', '15'),
('150119', 'Lurin', '1501', '15'),
('150120', 'Magdalena del Mar', '1501', '15'),
('150121', 'Pueblo Libre', '1501', '15'),
('150122', 'Miraflores', '1501', '15'),
('150123', 'Pachacamac', '1501', '15'),
('150124', 'Pucusana', '1501', '15'),
('150125', 'Puente Piedra', '1501', '15'),
('150126', 'Punta Hermosa', '1501', '15'),
('150127', 'Punta Negra', '1501', '15'),
('150128', 'Rímac', '1501', '15'),
('150129', 'San Bartolo', '1501', '15'),
('150130', 'San Borja', '1501', '15'),
('150131', 'San Isidro', '1501', '15'),
('150132', 'San Juan de Lurigancho', '1501', '15'),
('150133', 'San Juan de Miraflores', '1501', '15'),
('150134', 'San Luis', '1501', '15'),
('150135', 'San Martín de Porres', '1501', '15'),
('150136', 'San Miguel', '1501', '15'),
('150137', 'Santa Anita', '1501', '15'),
('150138', 'Santa María del Mar', '1501', '15'),
('150139', 'Santa Rosa', '1501', '15'),
('150140', 'Santiago de Surco', '1501', '15'),
('150141', 'Surquillo', '1501', '15'),
('150142', 'Villa El Salvador', '1501', '15'),
('150143', 'Villa María del Triunfo', '1501', '15'),
('150201', 'Barranca', '1502', '15'),
('150202', 'Paramonga', '1502', '15'),
('150203', 'Pativilca', '1502', '15'),
('150204', 'Supe', '1502', '15'),
('150205', 'Supe Puerto', '1502', '15'),
('150301', 'Cajatambo', '1503', '15'),
('150302', 'Copa', '1503', '15'),
('150303', 'Gorgor', '1503', '15'),
('150304', 'Huancapon', '1503', '15'),
('150305', 'Manas', '1503', '15'),
('150401', 'Canta', '1504', '15'),
('150402', 'Arahuay', '1504', '15'),
('150403', 'Huamantanga', '1504', '15'),
('150404', 'Huaros', '1504', '15'),
('150405', 'Lachaqui', '1504', '15'),
('150406', 'San Buenaventura', '1504', '15'),
('150407', 'Santa Rosa de Quives', '1504', '15');
INSERT INTO `ubigeo_peru_districts` (`id`, `name`, `province_id`, `department_id`) VALUES
('150501', 'San Vicente de Cañete', '1505', '15'),
('150502', 'Asia', '1505', '15'),
('150503', 'Calango', '1505', '15'),
('150504', 'Cerro Azul', '1505', '15'),
('150505', 'Chilca', '1505', '15'),
('150506', 'Coayllo', '1505', '15'),
('150507', 'Imperial', '1505', '15'),
('150508', 'Lunahuana', '1505', '15'),
('150509', 'Mala', '1505', '15'),
('150510', 'Nuevo Imperial', '1505', '15'),
('150511', 'Pacaran', '1505', '15'),
('150512', 'Quilmana', '1505', '15'),
('150513', 'San Antonio', '1505', '15'),
('150514', 'San Luis', '1505', '15'),
('150515', 'Santa Cruz de Flores', '1505', '15'),
('150516', 'Zúñiga', '1505', '15'),
('150601', 'Huaral', '1506', '15'),
('150602', 'Atavillos Alto', '1506', '15'),
('150603', 'Atavillos Bajo', '1506', '15'),
('150604', 'Aucallama', '1506', '15'),
('150605', 'Chancay', '1506', '15'),
('150606', 'Ihuari', '1506', '15'),
('150607', 'Lampian', '1506', '15'),
('150608', 'Pacaraos', '1506', '15'),
('150609', 'San Miguel de Acos', '1506', '15'),
('150610', 'Santa Cruz de Andamarca', '1506', '15'),
('150611', 'Sumbilca', '1506', '15'),
('150612', 'Veintisiete de Noviembre', '1506', '15'),
('150701', 'Matucana', '1507', '15'),
('150702', 'Antioquia', '1507', '15'),
('150703', 'Callahuanca', '1507', '15'),
('150704', 'Carampoma', '1507', '15'),
('150705', 'Chicla', '1507', '15'),
('150706', 'Cuenca', '1507', '15'),
('150707', 'Huachupampa', '1507', '15'),
('150708', 'Huanza', '1507', '15'),
('150709', 'Huarochiri', '1507', '15'),
('150710', 'Lahuaytambo', '1507', '15'),
('150711', 'Langa', '1507', '15'),
('150712', 'Laraos', '1507', '15'),
('150713', 'Mariatana', '1507', '15'),
('150714', 'Ricardo Palma', '1507', '15'),
('150715', 'San Andrés de Tupicocha', '1507', '15'),
('150716', 'San Antonio', '1507', '15'),
('150717', 'San Bartolomé', '1507', '15'),
('150718', 'San Damian', '1507', '15'),
('150719', 'San Juan de Iris', '1507', '15'),
('150720', 'San Juan de Tantaranche', '1507', '15'),
('150721', 'San Lorenzo de Quinti', '1507', '15'),
('150722', 'San Mateo', '1507', '15'),
('150723', 'San Mateo de Otao', '1507', '15'),
('150724', 'San Pedro de Casta', '1507', '15'),
('150725', 'San Pedro de Huancayre', '1507', '15'),
('150726', 'Sangallaya', '1507', '15'),
('150727', 'Santa Cruz de Cocachacra', '1507', '15'),
('150728', 'Santa Eulalia', '1507', '15'),
('150729', 'Santiago de Anchucaya', '1507', '15'),
('150730', 'Santiago de Tuna', '1507', '15'),
('150731', 'Santo Domingo de Los Olleros', '1507', '15'),
('150732', 'Surco', '1507', '15'),
('150801', 'Huacho', '1508', '15'),
('150802', 'Ambar', '1508', '15'),
('150803', 'Caleta de Carquin', '1508', '15'),
('150804', 'Checras', '1508', '15'),
('150805', 'Hualmay', '1508', '15'),
('150806', 'Huaura', '1508', '15'),
('150807', 'Leoncio Prado', '1508', '15'),
('150808', 'Paccho', '1508', '15'),
('150809', 'Santa Leonor', '1508', '15'),
('150810', 'Santa María', '1508', '15'),
('150811', 'Sayan', '1508', '15'),
('150812', 'Vegueta', '1508', '15'),
('150901', 'Oyon', '1509', '15'),
('150902', 'Andajes', '1509', '15'),
('150903', 'Caujul', '1509', '15'),
('150904', 'Cochamarca', '1509', '15'),
('150905', 'Navan', '1509', '15'),
('150906', 'Pachangara', '1509', '15'),
('151001', 'Yauyos', '1510', '15'),
('151002', 'Alis', '1510', '15'),
('151003', 'Allauca', '1510', '15'),
('151004', 'Ayaviri', '1510', '15'),
('151005', 'Azángaro', '1510', '15'),
('151006', 'Cacra', '1510', '15'),
('151007', 'Carania', '1510', '15'),
('151008', 'Catahuasi', '1510', '15'),
('151009', 'Chocos', '1510', '15'),
('151010', 'Cochas', '1510', '15'),
('151011', 'Colonia', '1510', '15'),
('151012', 'Hongos', '1510', '15'),
('151013', 'Huampara', '1510', '15'),
('151014', 'Huancaya', '1510', '15'),
('151015', 'Huangascar', '1510', '15'),
('151016', 'Huantan', '1510', '15'),
('151017', 'Huañec', '1510', '15'),
('151018', 'Laraos', '1510', '15'),
('151019', 'Lincha', '1510', '15'),
('151020', 'Madean', '1510', '15'),
('151021', 'Miraflores', '1510', '15'),
('151022', 'Omas', '1510', '15'),
('151023', 'Putinza', '1510', '15'),
('151024', 'Quinches', '1510', '15'),
('151025', 'Quinocay', '1510', '15'),
('151026', 'San Joaquín', '1510', '15'),
('151027', 'San Pedro de Pilas', '1510', '15'),
('151028', 'Tanta', '1510', '15'),
('151029', 'Tauripampa', '1510', '15'),
('151030', 'Tomas', '1510', '15'),
('151031', 'Tupe', '1510', '15'),
('151032', 'Viñac', '1510', '15'),
('151033', 'Vitis', '1510', '15'),
('160101', 'Iquitos', '1601', '16'),
('160102', 'Alto Nanay', '1601', '16'),
('160103', 'Fernando Lores', '1601', '16'),
('160104', 'Indiana', '1601', '16'),
('160105', 'Las Amazonas', '1601', '16'),
('160106', 'Mazan', '1601', '16'),
('160107', 'Napo', '1601', '16'),
('160108', 'Punchana', '1601', '16'),
('160110', 'Torres Causana', '1601', '16'),
('160112', 'Belén', '1601', '16'),
('160113', 'San Juan Bautista', '1601', '16'),
('160201', 'Yurimaguas', '1602', '16'),
('160202', 'Balsapuerto', '1602', '16'),
('160205', 'Jeberos', '1602', '16'),
('160206', 'Lagunas', '1602', '16'),
('160210', 'Santa Cruz', '1602', '16'),
('160211', 'Teniente Cesar López Rojas', '1602', '16'),
('160301', 'Nauta', '1603', '16'),
('160302', 'Parinari', '1603', '16'),
('160303', 'Tigre', '1603', '16'),
('160304', 'Trompeteros', '1603', '16'),
('160305', 'Urarinas', '1603', '16'),
('160401', 'Ramón Castilla', '1604', '16'),
('160402', 'Pebas', '1604', '16'),
('160403', 'Yavari', '1604', '16'),
('160404', 'San Pablo', '1604', '16'),
('160501', 'Requena', '1605', '16'),
('160502', 'Alto Tapiche', '1605', '16'),
('160503', 'Capelo', '1605', '16'),
('160504', 'Emilio San Martín', '1605', '16'),
('160505', 'Maquia', '1605', '16'),
('160506', 'Puinahua', '1605', '16'),
('160507', 'Saquena', '1605', '16'),
('160508', 'Soplin', '1605', '16'),
('160509', 'Tapiche', '1605', '16'),
('160510', 'Jenaro Herrera', '1605', '16'),
('160511', 'Yaquerana', '1605', '16'),
('160601', 'Contamana', '1606', '16'),
('160602', 'Inahuaya', '1606', '16'),
('160603', 'Padre Márquez', '1606', '16'),
('160604', 'Pampa Hermosa', '1606', '16'),
('160605', 'Sarayacu', '1606', '16'),
('160606', 'Vargas Guerra', '1606', '16'),
('160701', 'Barranca', '1607', '16'),
('160702', 'Cahuapanas', '1607', '16'),
('160703', 'Manseriche', '1607', '16'),
('160704', 'Morona', '1607', '16'),
('160705', 'Pastaza', '1607', '16'),
('160706', 'Andoas', '1607', '16'),
('160801', 'Putumayo', '1608', '16'),
('160802', 'Rosa Panduro', '1608', '16'),
('160803', 'Teniente Manuel Clavero', '1608', '16'),
('160804', 'Yaguas', '1608', '16'),
('170101', 'Tambopata', '1701', '17'),
('170102', 'Inambari', '1701', '17'),
('170103', 'Las Piedras', '1701', '17'),
('170104', 'Laberinto', '1701', '17'),
('170201', 'Manu', '1702', '17'),
('170202', 'Fitzcarrald', '1702', '17'),
('170203', 'Madre de Dios', '1702', '17'),
('170204', 'Huepetuhe', '1702', '17'),
('170301', 'Iñapari', '1703', '17'),
('170302', 'Iberia', '1703', '17'),
('170303', 'Tahuamanu', '1703', '17'),
('180101', 'Moquegua', '1801', '18'),
('180102', 'Carumas', '1801', '18'),
('180103', 'Cuchumbaya', '1801', '18'),
('180104', 'Samegua', '1801', '18'),
('180105', 'San Cristóbal', '1801', '18'),
('180106', 'Torata', '1801', '18'),
('180201', 'Omate', '1802', '18'),
('180202', 'Chojata', '1802', '18'),
('180203', 'Coalaque', '1802', '18'),
('180204', 'Ichuña', '1802', '18'),
('180205', 'La Capilla', '1802', '18'),
('180206', 'Lloque', '1802', '18'),
('180207', 'Matalaque', '1802', '18'),
('180208', 'Puquina', '1802', '18'),
('180209', 'Quinistaquillas', '1802', '18'),
('180210', 'Ubinas', '1802', '18'),
('180211', 'Yunga', '1802', '18'),
('180301', 'Ilo', '1803', '18'),
('180302', 'El Algarrobal', '1803', '18'),
('180303', 'Pacocha', '1803', '18'),
('190101', 'Chaupimarca', '1901', '19'),
('190102', 'Huachon', '1901', '19'),
('190103', 'Huariaca', '1901', '19'),
('190104', 'Huayllay', '1901', '19'),
('190105', 'Ninacaca', '1901', '19'),
('190106', 'Pallanchacra', '1901', '19'),
('190107', 'Paucartambo', '1901', '19'),
('190108', 'San Francisco de Asís de Yarusyacan', '1901', '19'),
('190109', 'Simon Bolívar', '1901', '19'),
('190110', 'Ticlacayan', '1901', '19'),
('190111', 'Tinyahuarco', '1901', '19'),
('190112', 'Vicco', '1901', '19'),
('190113', 'Yanacancha', '1901', '19'),
('190201', 'Yanahuanca', '1902', '19'),
('190202', 'Chacayan', '1902', '19'),
('190203', 'Goyllarisquizga', '1902', '19'),
('190204', 'Paucar', '1902', '19'),
('190205', 'San Pedro de Pillao', '1902', '19'),
('190206', 'Santa Ana de Tusi', '1902', '19'),
('190207', 'Tapuc', '1902', '19'),
('190208', 'Vilcabamba', '1902', '19'),
('190301', 'Oxapampa', '1903', '19'),
('190302', 'Chontabamba', '1903', '19'),
('190303', 'Huancabamba', '1903', '19'),
('190304', 'Palcazu', '1903', '19'),
('190305', 'Pozuzo', '1903', '19'),
('190306', 'Puerto Bermúdez', '1903', '19'),
('190307', 'Villa Rica', '1903', '19'),
('190308', 'Constitución', '1903', '19'),
('200101', 'Piura', '2001', '20'),
('200104', 'Castilla', '2001', '20'),
('200105', 'Catacaos', '2001', '20'),
('200107', 'Cura Mori', '2001', '20'),
('200108', 'El Tallan', '2001', '20'),
('200109', 'La Arena', '2001', '20'),
('200110', 'La Unión', '2001', '20'),
('200111', 'Las Lomas', '2001', '20'),
('200114', 'Tambo Grande', '2001', '20'),
('200115', 'Veintiseis de Octubre', '2001', '20'),
('200201', 'Ayabaca', '2002', '20'),
('200202', 'Frias', '2002', '20'),
('200203', 'Jilili', '2002', '20'),
('200204', 'Lagunas', '2002', '20'),
('200205', 'Montero', '2002', '20'),
('200206', 'Pacaipampa', '2002', '20'),
('200207', 'Paimas', '2002', '20'),
('200208', 'Sapillica', '2002', '20'),
('200209', 'Sicchez', '2002', '20'),
('200210', 'Suyo', '2002', '20'),
('200301', 'Huancabamba', '2003', '20'),
('200302', 'Canchaque', '2003', '20'),
('200303', 'El Carmen de la Frontera', '2003', '20'),
('200304', 'Huarmaca', '2003', '20'),
('200305', 'Lalaquiz', '2003', '20'),
('200306', 'San Miguel de El Faique', '2003', '20'),
('200307', 'Sondor', '2003', '20'),
('200308', 'Sondorillo', '2003', '20'),
('200401', 'Chulucanas', '2004', '20'),
('200402', 'Buenos Aires', '2004', '20'),
('200403', 'Chalaco', '2004', '20'),
('200404', 'La Matanza', '2004', '20'),
('200405', 'Morropon', '2004', '20'),
('200406', 'Salitral', '2004', '20'),
('200407', 'San Juan de Bigote', '2004', '20'),
('200408', 'Santa Catalina de Mossa', '2004', '20'),
('200409', 'Santo Domingo', '2004', '20'),
('200410', 'Yamango', '2004', '20'),
('200501', 'Paita', '2005', '20'),
('200502', 'Amotape', '2005', '20'),
('200503', 'Arenal', '2005', '20'),
('200504', 'Colan', '2005', '20'),
('200505', 'La Huaca', '2005', '20'),
('200506', 'Tamarindo', '2005', '20'),
('200507', 'Vichayal', '2005', '20'),
('200601', 'Sullana', '2006', '20'),
('200602', 'Bellavista', '2006', '20'),
('200603', 'Ignacio Escudero', '2006', '20'),
('200604', 'Lancones', '2006', '20'),
('200605', 'Marcavelica', '2006', '20'),
('200606', 'Miguel Checa', '2006', '20'),
('200607', 'Querecotillo', '2006', '20'),
('200608', 'Salitral', '2006', '20'),
('200701', 'Pariñas', '2007', '20'),
('200702', 'El Alto', '2007', '20'),
('200703', 'La Brea', '2007', '20'),
('200704', 'Lobitos', '2007', '20'),
('200705', 'Los Organos', '2007', '20'),
('200706', 'Mancora', '2007', '20'),
('200801', 'Sechura', '2008', '20'),
('200802', 'Bellavista de la Unión', '2008', '20'),
('200803', 'Bernal', '2008', '20'),
('200804', 'Cristo Nos Valga', '2008', '20'),
('200805', 'Vice', '2008', '20'),
('200806', 'Rinconada Llicuar', '2008', '20'),
('210101', 'Puno', '2101', '21'),
('210102', 'Acora', '2101', '21'),
('210103', 'Amantani', '2101', '21'),
('210104', 'Atuncolla', '2101', '21'),
('210105', 'Capachica', '2101', '21'),
('210106', 'Chucuito', '2101', '21'),
('210107', 'Coata', '2101', '21'),
('210108', 'Huata', '2101', '21'),
('210109', 'Mañazo', '2101', '21'),
('210110', 'Paucarcolla', '2101', '21'),
('210111', 'Pichacani', '2101', '21'),
('210112', 'Plateria', '2101', '21'),
('210113', 'San Antonio', '2101', '21'),
('210114', 'Tiquillaca', '2101', '21'),
('210115', 'Vilque', '2101', '21'),
('210201', 'Azángaro', '2102', '21'),
('210202', 'Achaya', '2102', '21'),
('210203', 'Arapa', '2102', '21'),
('210204', 'Asillo', '2102', '21'),
('210205', 'Caminaca', '2102', '21'),
('210206', 'Chupa', '2102', '21'),
('210207', 'José Domingo Choquehuanca', '2102', '21'),
('210208', 'Muñani', '2102', '21'),
('210209', 'Potoni', '2102', '21'),
('210210', 'Saman', '2102', '21'),
('210211', 'San Anton', '2102', '21'),
('210212', 'San José', '2102', '21'),
('210213', 'San Juan de Salinas', '2102', '21'),
('210214', 'Santiago de Pupuja', '2102', '21'),
('210215', 'Tirapata', '2102', '21'),
('210301', 'Macusani', '2103', '21'),
('210302', 'Ajoyani', '2103', '21'),
('210303', 'Ayapata', '2103', '21'),
('210304', 'Coasa', '2103', '21'),
('210305', 'Corani', '2103', '21'),
('210306', 'Crucero', '2103', '21'),
('210307', 'Ituata', '2103', '21'),
('210308', 'Ollachea', '2103', '21'),
('210309', 'San Gaban', '2103', '21'),
('210310', 'Usicayos', '2103', '21'),
('210401', 'Juli', '2104', '21'),
('210402', 'Desaguadero', '2104', '21'),
('210403', 'Huacullani', '2104', '21'),
('210404', 'Kelluyo', '2104', '21'),
('210405', 'Pisacoma', '2104', '21'),
('210406', 'Pomata', '2104', '21'),
('210407', 'Zepita', '2104', '21'),
('210501', 'Ilave', '2105', '21'),
('210502', 'Capazo', '2105', '21'),
('210503', 'Pilcuyo', '2105', '21'),
('210504', 'Santa Rosa', '2105', '21'),
('210505', 'Conduriri', '2105', '21'),
('210601', 'Huancane', '2106', '21'),
('210602', 'Cojata', '2106', '21'),
('210603', 'Huatasani', '2106', '21'),
('210604', 'Inchupalla', '2106', '21'),
('210605', 'Pusi', '2106', '21'),
('210606', 'Rosaspata', '2106', '21'),
('210607', 'Taraco', '2106', '21'),
('210608', 'Vilque Chico', '2106', '21'),
('210701', 'Lampa', '2107', '21'),
('210702', 'Cabanilla', '2107', '21'),
('210703', 'Calapuja', '2107', '21'),
('210704', 'Nicasio', '2107', '21'),
('210705', 'Ocuviri', '2107', '21'),
('210706', 'Palca', '2107', '21'),
('210707', 'Paratia', '2107', '21'),
('210708', 'Pucara', '2107', '21'),
('210709', 'Santa Lucia', '2107', '21'),
('210710', 'Vilavila', '2107', '21'),
('210801', 'Ayaviri', '2108', '21'),
('210802', 'Antauta', '2108', '21'),
('210803', 'Cupi', '2108', '21'),
('210804', 'Llalli', '2108', '21'),
('210805', 'Macari', '2108', '21'),
('210806', 'Nuñoa', '2108', '21'),
('210807', 'Orurillo', '2108', '21'),
('210808', 'Santa Rosa', '2108', '21'),
('210809', 'Umachiri', '2108', '21'),
('210901', 'Moho', '2109', '21'),
('210902', 'Conima', '2109', '21'),
('210903', 'Huayrapata', '2109', '21'),
('210904', 'Tilali', '2109', '21'),
('211001', 'Putina', '2110', '21'),
('211002', 'Ananea', '2110', '21'),
('211003', 'Pedro Vilca Apaza', '2110', '21'),
('211004', 'Quilcapuncu', '2110', '21'),
('211005', 'Sina', '2110', '21'),
('211101', 'Juliaca', '2111', '21'),
('211102', 'Cabana', '2111', '21'),
('211103', 'Cabanillas', '2111', '21'),
('211104', 'Caracoto', '2111', '21'),
('211105', 'San Miguel', '2111', '21'),
('211201', 'Sandia', '2112', '21'),
('211202', 'Cuyocuyo', '2112', '21'),
('211203', 'Limbani', '2112', '21'),
('211204', 'Patambuco', '2112', '21'),
('211205', 'Phara', '2112', '21'),
('211206', 'Quiaca', '2112', '21'),
('211207', 'San Juan del Oro', '2112', '21'),
('211208', 'Yanahuaya', '2112', '21'),
('211209', 'Alto Inambari', '2112', '21'),
('211210', 'San Pedro de Putina Punco', '2112', '21'),
('211301', 'Yunguyo', '2113', '21'),
('211302', 'Anapia', '2113', '21'),
('211303', 'Copani', '2113', '21'),
('211304', 'Cuturapi', '2113', '21'),
('211305', 'Ollaraya', '2113', '21'),
('211306', 'Tinicachi', '2113', '21'),
('211307', 'Unicachi', '2113', '21'),
('220101', 'Moyobamba', '2201', '22'),
('220102', 'Calzada', '2201', '22'),
('220103', 'Habana', '2201', '22'),
('220104', 'Jepelacio', '2201', '22'),
('220105', 'Soritor', '2201', '22'),
('220106', 'Yantalo', '2201', '22'),
('220201', 'Bellavista', '2202', '22'),
('220202', 'Alto Biavo', '2202', '22'),
('220203', 'Bajo Biavo', '2202', '22'),
('220204', 'Huallaga', '2202', '22'),
('220205', 'San Pablo', '2202', '22'),
('220206', 'San Rafael', '2202', '22'),
('220301', 'San José de Sisa', '2203', '22'),
('220302', 'Agua Blanca', '2203', '22'),
('220303', 'San Martín', '2203', '22'),
('220304', 'Santa Rosa', '2203', '22'),
('220305', 'Shatoja', '2203', '22'),
('220401', 'Saposoa', '2204', '22'),
('220402', 'Alto Saposoa', '2204', '22'),
('220403', 'El Eslabón', '2204', '22'),
('220404', 'Piscoyacu', '2204', '22'),
('220405', 'Sacanche', '2204', '22'),
('220406', 'Tingo de Saposoa', '2204', '22'),
('220501', 'Lamas', '2205', '22'),
('220502', 'Alonso de Alvarado', '2205', '22'),
('220503', 'Barranquita', '2205', '22'),
('220504', 'Caynarachi', '2205', '22'),
('220505', 'Cuñumbuqui', '2205', '22'),
('220506', 'Pinto Recodo', '2205', '22'),
('220507', 'Rumisapa', '2205', '22'),
('220508', 'San Roque de Cumbaza', '2205', '22'),
('220509', 'Shanao', '2205', '22'),
('220510', 'Tabalosos', '2205', '22'),
('220511', 'Zapatero', '2205', '22'),
('220601', 'Juanjuí', '2206', '22'),
('220602', 'Campanilla', '2206', '22'),
('220603', 'Huicungo', '2206', '22'),
('220604', 'Pachiza', '2206', '22'),
('220605', 'Pajarillo', '2206', '22'),
('220701', 'Picota', '2207', '22'),
('220702', 'Buenos Aires', '2207', '22'),
('220703', 'Caspisapa', '2207', '22'),
('220704', 'Pilluana', '2207', '22'),
('220705', 'Pucacaca', '2207', '22'),
('220706', 'San Cristóbal', '2207', '22'),
('220707', 'San Hilarión', '2207', '22'),
('220708', 'Shamboyacu', '2207', '22'),
('220709', 'Tingo de Ponasa', '2207', '22'),
('220710', 'Tres Unidos', '2207', '22'),
('220801', 'Rioja', '2208', '22'),
('220802', 'Awajun', '2208', '22'),
('220803', 'Elías Soplin Vargas', '2208', '22'),
('220804', 'Nueva Cajamarca', '2208', '22'),
('220805', 'Pardo Miguel', '2208', '22'),
('220806', 'Posic', '2208', '22'),
('220807', 'San Fernando', '2208', '22'),
('220808', 'Yorongos', '2208', '22'),
('220809', 'Yuracyacu', '2208', '22'),
('220901', 'Tarapoto', '2209', '22'),
('220902', 'Alberto Leveau', '2209', '22'),
('220903', 'Cacatachi', '2209', '22'),
('220904', 'Chazuta', '2209', '22'),
('220905', 'Chipurana', '2209', '22'),
('220906', 'El Porvenir', '2209', '22'),
('220907', 'Huimbayoc', '2209', '22'),
('220908', 'Juan Guerra', '2209', '22'),
('220909', 'La Banda de Shilcayo', '2209', '22'),
('220910', 'Morales', '2209', '22'),
('220911', 'Papaplaya', '2209', '22'),
('220912', 'San Antonio', '2209', '22'),
('220913', 'Sauce', '2209', '22'),
('220914', 'Shapaja', '2209', '22'),
('221001', 'Tocache', '2210', '22'),
('221002', 'Nuevo Progreso', '2210', '22'),
('221003', 'Polvora', '2210', '22'),
('221004', 'Shunte', '2210', '22'),
('221005', 'Uchiza', '2210', '22'),
('230101', 'Tacna', '2301', '23'),
('230102', 'Alto de la Alianza', '2301', '23'),
('230103', 'Calana', '2301', '23'),
('230104', 'Ciudad Nueva', '2301', '23'),
('230105', 'Inclan', '2301', '23'),
('230106', 'Pachia', '2301', '23'),
('230107', 'Palca', '2301', '23'),
('230108', 'Pocollay', '2301', '23'),
('230109', 'Sama', '2301', '23'),
('230110', 'Coronel Gregorio Albarracín Lanchipa', '2301', '23'),
('230111', 'La Yarada los Palos', '2301', '23'),
('230201', 'Candarave', '2302', '23'),
('230202', 'Cairani', '2302', '23'),
('230203', 'Camilaca', '2302', '23'),
('230204', 'Curibaya', '2302', '23'),
('230205', 'Huanuara', '2302', '23'),
('230206', 'Quilahuani', '2302', '23'),
('230301', 'Locumba', '2303', '23'),
('230302', 'Ilabaya', '2303', '23'),
('230303', 'Ite', '2303', '23'),
('230401', 'Tarata', '2304', '23'),
('230402', 'Héroes Albarracín', '2304', '23'),
('230403', 'Estique', '2304', '23'),
('230404', 'Estique-Pampa', '2304', '23'),
('230405', 'Sitajara', '2304', '23'),
('230406', 'Susapaya', '2304', '23'),
('230407', 'Tarucachi', '2304', '23'),
('230408', 'Ticaco', '2304', '23'),
('240101', 'Tumbes', '2401', '24'),
('240102', 'Corrales', '2401', '24'),
('240103', 'La Cruz', '2401', '24'),
('240104', 'Pampas de Hospital', '2401', '24'),
('240105', 'San Jacinto', '2401', '24'),
('240106', 'San Juan de la Virgen', '2401', '24'),
('240201', 'Zorritos', '2402', '24'),
('240202', 'Casitas', '2402', '24'),
('240203', 'Canoas de Punta Sal', '2402', '24'),
('240301', 'Zarumilla', '2403', '24'),
('240302', 'Aguas Verdes', '2403', '24'),
('240303', 'Matapalo', '2403', '24'),
('240304', 'Papayal', '2403', '24'),
('250101', 'Calleria', '2501', '25'),
('250102', 'Campoverde', '2501', '25'),
('250103', 'Iparia', '2501', '25'),
('250104', 'Masisea', '2501', '25'),
('250105', 'Yarinacocha', '2501', '25'),
('250106', 'Nueva Requena', '2501', '25'),
('250107', 'Manantay', '2501', '25'),
('250201', 'Raymondi', '2502', '25'),
('250202', 'Sepahua', '2502', '25'),
('250203', 'Tahuania', '2502', '25'),
('250204', 'Yurua', '2502', '25'),
('250301', 'Padre Abad', '2503', '25'),
('250302', 'Irazola', '2503', '25'),
('250303', 'Curimana', '2503', '25'),
('250304', 'Neshuya', '2503', '25'),
('250305', 'Alexander Von Humboldt', '2503', '25'),
('250401', 'Purus', '2504', '25');

-- --------------------------------------------------------

--
-- Estructura de tabla para la tabla `ubigeo_peru_provinces`
--

CREATE TABLE `ubigeo_peru_provinces` (
  `id` varchar(4) NOT NULL,
  `name` varchar(45) NOT NULL,
  `department_id` varchar(2) NOT NULL
) ENGINE=InnoDB DEFAULT CHARSET=utf8;

--
-- Volcado de datos para la tabla `ubigeo_peru_provinces`
--

INSERT INTO `ubigeo_peru_provinces` (`id`, `name`, `department_id`) VALUES
('0101', 'Chachapoyas', '01'),
('0102', 'Bagua', '01'),
('0103', 'Bongará', '01'),
('0104', 'Condorcanqui', '01'),
('0105', 'Luya', '01'),
('0106', 'Rodríguez de Mendoza', '01'),
('0107', 'Utcubamba', '01'),
('0201', 'Huaraz', '02'),
('0202', 'Aija', '02'),
('0203', 'Antonio Raymondi', '02'),
('0204', 'Asunción', '02'),
('0205', 'Bolognesi', '02'),
('0206', 'Carhuaz', '02'),
('0207', 'Carlos Fermín Fitzcarrald', '02'),
('0208', 'Casma', '02'),
('0209', 'Corongo', '02'),
('0210', 'Huari', '02'),
('0211', 'Huarmey', '02'),
('0212', 'Huaylas', '02'),
('0213', 'Mariscal Luzuriaga', '02'),
('0214', 'Ocros', '02'),
('0215', 'Pallasca', '02'),
('0216', 'Pomabamba', '02'),
('0217', 'Recuay', '02'),
('0218', 'Santa', '02'),
('0219', 'Sihuas', '02'),
('0220', 'Yungay', '02'),
('0301', 'Abancay', '03'),
('0302', 'Andahuaylas', '03'),
('0303', 'Antabamba', '03'),
('0304', 'Aymaraes', '03'),
('0305', 'Cotabambas', '03'),
('0306', 'Chincheros', '03'),
('0307', 'Grau', '03'),
('0401', 'Arequipa', '04'),
('0402', 'Camaná', '04'),
('0403', 'Caravelí', '04'),
('0404', 'Castilla', '04'),
('0405', 'Caylloma', '04'),
('0406', 'Condesuyos', '04'),
('0407', 'Islay', '04'),
('0408', 'La Uniòn', '04'),
('0501', 'Huamanga', '05'),
('0502', 'Cangallo', '05'),
('0503', 'Huanca Sancos', '05'),
('0504', 'Huanta', '05'),
('0505', 'La Mar', '05'),
('0506', 'Lucanas', '05'),
('0507', 'Parinacochas', '05'),
('0508', 'Pàucar del Sara Sara', '05'),
('0509', 'Sucre', '05'),
('0510', 'Víctor Fajardo', '05'),
('0511', 'Vilcas Huamán', '05'),
('0601', 'Cajamarca', '06'),
('0602', 'Cajabamba', '06'),
('0603', 'Celendín', '06'),
('0604', 'Chota', '06'),
('0605', 'Contumazá', '06'),
('0606', 'Cutervo', '06'),
('0607', 'Hualgayoc', '06'),
('0608', 'Jaén', '06'),
('0609', 'San Ignacio', '06'),
('0610', 'San Marcos', '06'),
('0611', 'San Miguel', '06'),
('0612', 'San Pablo', '06'),
('0613', 'Santa Cruz', '06'),
('0701', 'Prov. Const. del Callao', '07'),
('0801', 'Cusco', '08'),
('0802', 'Acomayo', '08'),
('0803', 'Anta', '08'),
('0804', 'Calca', '08'),
('0805', 'Canas', '08'),
('0806', 'Canchis', '08'),
('0807', 'Chumbivilcas', '08'),
('0808', 'Espinar', '08'),
('0809', 'La Convención', '08'),
('0810', 'Paruro', '08'),
('0811', 'Paucartambo', '08'),
('0812', 'Quispicanchi', '08'),
('0813', 'Urubamba', '08'),
('0901', 'Huancavelica', '09'),
('0902', 'Acobamba', '09'),
('0903', 'Angaraes', '09'),
('0904', 'Castrovirreyna', '09'),
('0905', 'Churcampa', '09'),
('0906', 'Huaytará', '09'),
('0907', 'Tayacaja', '09'),
('1001', 'Huánuco', '10'),
('1002', 'Ambo', '10'),
('1003', 'Dos de Mayo', '10'),
('1004', 'Huacaybamba', '10'),
('1005', 'Huamalíes', '10'),
('1006', 'Leoncio Prado', '10'),
('1007', 'Marañón', '10'),
('1008', 'Pachitea', '10'),
('1009', 'Puerto Inca', '10'),
('1010', 'Lauricocha ', '10'),
('1011', 'Yarowilca ', '10'),
('1101', 'Ica ', '11'),
('1102', 'Chincha ', '11'),
('1103', 'Nasca ', '11'),
('1104', 'Palpa ', '11'),
('1105', 'Pisco ', '11'),
('1201', 'Huancayo ', '12'),
('1202', 'Concepción ', '12'),
('1203', 'Chanchamayo ', '12'),
('1204', 'Jauja ', '12'),
('1205', 'Junín ', '12'),
('1206', 'Satipo ', '12'),
('1207', 'Tarma ', '12'),
('1208', 'Yauli ', '12'),
('1209', 'Chupaca ', '12'),
('1301', 'Trujillo ', '13'),
('1302', 'Ascope ', '13'),
('1303', 'Bolívar ', '13'),
('1304', 'Chepén ', '13'),
('1305', 'Julcán ', '13'),
('1306', 'Otuzco ', '13'),
('1307', 'Pacasmayo ', '13'),
('1308', 'Pataz ', '13'),
('1309', 'Sánchez Carrión ', '13'),
('1310', 'Santiago de Chuco ', '13'),
('1311', 'Gran Chimú ', '13'),
('1312', 'Virú ', '13'),
('1401', 'Chiclayo ', '14'),
('1402', 'Ferreñafe ', '14'),
('1403', 'Lambayeque ', '14'),
('1501', 'Lima ', '15'),
('1502', 'Barranca ', '15'),
('1503', 'Cajatambo ', '15'),
('1504', 'Canta ', '15'),
('1505', 'Cañete ', '15'),
('1506', 'Huaral ', '15'),
('1507', 'Huarochirí ', '15'),
('1508', 'Huaura ', '15'),
('1509', 'Oyón ', '15'),
('1510', 'Yauyos ', '15'),
('1601', 'Maynas ', '16'),
('1602', 'Alto Amazonas ', '16'),
('1603', 'Loreto ', '16'),
('1604', 'Mariscal Ramón Castilla ', '16'),
('1605', 'Requena ', '16'),
('1606', 'Ucayali ', '16'),
('1607', 'Datem del Marañón ', '16'),
('1608', 'Putumayo', '16'),
('1701', 'Tambopata ', '17'),
('1702', 'Manu ', '17'),
('1703', 'Tahuamanu ', '17'),
('1801', 'Mariscal Nieto ', '18'),
('1802', 'General Sánchez Cerro ', '18'),
('1803', 'Ilo ', '18'),
('1901', 'Pasco ', '19'),
('1902', 'Daniel Alcides Carrión ', '19'),
('1903', 'Oxapampa ', '19'),
('2001', 'Piura ', '20'),
('2002', 'Ayabaca ', '20'),
('2003', 'Huancabamba ', '20'),
('2004', 'Morropón ', '20'),
('2005', 'Paita ', '20'),
('2006', 'Sullana ', '20'),
('2007', 'Talara ', '20'),
('2008', 'Sechura ', '20'),
('2101', 'Puno ', '21'),
('2102', 'Azángaro ', '21'),
('2103', 'Carabaya ', '21'),
('2104', 'Chucuito ', '21'),
('2105', 'El Collao ', '21'),
('2106', 'Huancané ', '21'),
('2107', 'Lampa ', '21'),
('2108', 'Melgar ', '21'),
('2109', 'Moho ', '21'),
('2110', 'San Antonio de Putina ', '21'),
('2111', 'San Román ', '21'),
('2112', 'Sandia ', '21'),
('2113', 'Yunguyo ', '21'),
('2201', 'Moyobamba ', '22'),
('2202', 'Bellavista ', '22'),
('2203', 'El Dorado ', '22'),
('2204', 'Huallaga ', '22'),
('2205', 'Lamas ', '22'),
('2206', 'Mariscal Cáceres ', '22'),
('2207', 'Picota ', '22'),
('2208', 'Rioja ', '22'),
('2209', 'San Martín ', '22'),
('2210', 'Tocache ', '22'),
('2301', 'Tacna ', '23'),
('2302', 'Candarave ', '23'),
('2303', 'Jorge Basadre ', '23'),
('2304', 'Tarata ', '23'),
('2401', 'Tumbes ', '24'),
('2402', 'Contralmirante Villar ', '24'),
('2403', 'Zarumilla ', '24'),
('2501', 'Coronel Portillo ', '25'),
('2502', 'Atalaya ', '25'),
('2503', 'Padre Abad ', '25'),
('2504', 'Purús', '25');

--
-- Índices para tablas volcadas
--

--
-- Indices de la tabla `administradores`
--
ALTER TABLE `administradores`
  ADD PRIMARY KEY (`Id`);

--
-- Indices de la tabla `convocatorias`
--
ALTER TABLE `convocatorias`
  ADD PRIMARY KEY (`Id`);

--
-- Indices de la tabla `convocatoria_usuarios`
--
ALTER TABLE `convocatoria_usuarios`
  ADD PRIMARY KEY (`Id`);

--
-- Indices de la tabla `escuela_profesional`
--
ALTER TABLE `escuela_profesional`
  ADD PRIMARY KEY (`Id`);

--
-- Indices de la tabla `estudiantes`
--
ALTER TABLE `estudiantes`
  ADD PRIMARY KEY (`Id`);

--
-- Indices de la tabla `eventos`
--
ALTER TABLE `eventos`
  ADD PRIMARY KEY (`Id`);

--
-- Indices de la tabla `foro`
--
ALTER TABLE `foro`
  ADD PRIMARY KEY (`Id`);

--
-- Indices de la tabla `ideas`
--
ALTER TABLE `ideas`
  ADD PRIMARY KEY (`Id`);

--
-- Indices de la tabla `log`
--
ALTER TABLE `log`
  ADD PRIMARY KEY (`Id`);

--
-- Indices de la tabla `macrofiltro`
--
ALTER TABLE `macrofiltro`
  ADD PRIMARY KEY (`Id`);

--
-- Indices de la tabla `mentores`
--
ALTER TABLE `mentores`
  ADD PRIMARY KEY (`Id`);

--
-- Indices de la tabla `microfiltro`
--
ALTER TABLE `microfiltro`
  ADD PRIMARY KEY (`Id`);

--
-- Indices de la tabla `paises`
--
ALTER TABLE `paises`
  ADD PRIMARY KEY (`id`);

--
-- Indices de la tabla `suscripciones`
--
ALTER TABLE `suscripciones`
  ADD PRIMARY KEY (`Id`);

--
-- Indices de la tabla `tblpreguntas`
--
ALTER TABLE `tblpreguntas`
  ADD PRIMARY KEY (`Id`);

--
-- Indices de la tabla `test_1`
--
ALTER TABLE `test_1`
  ADD PRIMARY KEY (`Id`);

--
-- Indices de la tabla `ubigeo_peru_departments`
--
ALTER TABLE `ubigeo_peru_departments`
  ADD PRIMARY KEY (`id`);

--
-- Indices de la tabla `ubigeo_peru_districts`
--
ALTER TABLE `ubigeo_peru_districts`
  ADD PRIMARY KEY (`id`);

--
-- Indices de la tabla `ubigeo_peru_provinces`
--
ALTER TABLE `ubigeo_peru_provinces`
  ADD PRIMARY KEY (`id`);

--
-- AUTO_INCREMENT de las tablas volcadas
--

--
-- AUTO_INCREMENT de la tabla `administradores`
--
ALTER TABLE `administradores`
  MODIFY `Id` int(11) NOT NULL AUTO_INCREMENT, AUTO_INCREMENT=22;

--
-- AUTO_INCREMENT de la tabla `convocatorias`
--
ALTER TABLE `convocatorias`
  MODIFY `Id` int(11) NOT NULL AUTO_INCREMENT, AUTO_INCREMENT=11;

--
-- AUTO_INCREMENT de la tabla `convocatoria_usuarios`
--
ALTER TABLE `convocatoria_usuarios`
  MODIFY `Id` int(11) NOT NULL AUTO_INCREMENT, AUTO_INCREMENT=9;

--
-- AUTO_INCREMENT de la tabla `escuela_profesional`
--
ALTER TABLE `escuela_profesional`
  MODIFY `Id` int(11) NOT NULL AUTO_INCREMENT, AUTO_INCREMENT=36;

--
-- AUTO_INCREMENT de la tabla `estudiantes`
--
ALTER TABLE `estudiantes`
  MODIFY `Id` int(11) NOT NULL AUTO_INCREMENT, AUTO_INCREMENT=49;

--
-- AUTO_INCREMENT de la tabla `eventos`
--
ALTER TABLE `eventos`
  MODIFY `Id` int(11) NOT NULL AUTO_INCREMENT, AUTO_INCREMENT=17;

--
-- AUTO_INCREMENT de la tabla `foro`
--
ALTER TABLE `foro`
  MODIFY `Id` bigint(22) NOT NULL AUTO_INCREMENT, AUTO_INCREMENT=19;

--
-- AUTO_INCREMENT de la tabla `ideas`
--
ALTER TABLE `ideas`
  MODIFY `Id` int(11) NOT NULL AUTO_INCREMENT, AUTO_INCREMENT=26;

--
-- AUTO_INCREMENT de la tabla `log`
--
ALTER TABLE `log`
  MODIFY `Id` bigint(20) NOT NULL AUTO_INCREMENT, AUTO_INCREMENT=530;

--
-- AUTO_INCREMENT de la tabla `macrofiltro`
--
ALTER TABLE `macrofiltro`
  MODIFY `Id` int(11) NOT NULL AUTO_INCREMENT, AUTO_INCREMENT=19;

--
-- AUTO_INCREMENT de la tabla `mentores`
--
ALTER TABLE `mentores`
  MODIFY `Id` int(11) NOT NULL AUTO_INCREMENT, AUTO_INCREMENT=27;

--
-- AUTO_INCREMENT de la tabla `microfiltro`
--
ALTER TABLE `microfiltro`
  MODIFY `Id` int(11) NOT NULL AUTO_INCREMENT, AUTO_INCREMENT=16;

--
-- AUTO_INCREMENT de la tabla `paises`
--
ALTER TABLE `paises`
  MODIFY `id` int(11) NOT NULL AUTO_INCREMENT, AUTO_INCREMENT=241;

--
-- AUTO_INCREMENT de la tabla `suscripciones`
--
ALTER TABLE `suscripciones`
  MODIFY `Id` int(11) NOT NULL AUTO_INCREMENT, AUTO_INCREMENT=14;

--
-- AUTO_INCREMENT de la tabla `tblpreguntas`
--
ALTER TABLE `tblpreguntas`
  MODIFY `Id` int(11) NOT NULL AUTO_INCREMENT, AUTO_INCREMENT=41;

--
-- AUTO_INCREMENT de la tabla `test_1`
--
ALTER TABLE `test_1`
  MODIFY `Id` int(11) NOT NULL AUTO_INCREMENT;
COMMIT;

/*!40101 SET CHARACTER_SET_CLIENT=@OLD_CHARACTER_SET_CLIENT */;
/*!40101 SET CHARACTER_SET_RESULTS=@OLD_CHARACTER_SET_RESULTS */;
/*!40101 SET COLLATION_CONNECTION=@OLD_COLLATION_CONNECTION */;
